"","idp","clay.A","clay.B","clay.C","cec.A","cec.B","cec.C","oc.A","oc.B","oc.C","dem","twi","vdchn","evim","evisd","lstm","lstsd","ndwi.a","ndwi.b","X","Y"
"1",200,27.948000592,36.0199998613333,25,20.216000224,25.8533335466667,22.93999976,2.1847999552,0.605333335186667,0.1720000026,606.382080078125,6.60284471511841,13.4074096679688,26178860.1036269,17432942.7442195,296.020840630473,11.0086091028713,-0.00726664343131314,-0.124341368928769,366813.033665732,214283.065507779
"2",203,22.7000008,48.9039464289474,53.7000008,19.2000008,33.3868416657895,34.5999985,3.26999998,0.922105235236842,0.430000007,426.763946533203,9.05826377868652,5.75823974609375,27502253.8860104,11725534.4561954,297.461891418564,9.88472594170295,-0.0830341458823113,-0.129942750268972,505127.83529395,-60737.0398870722
"3",1742,23.3999996,51.1413792413793,51.5944447055556,18.2999992,32.2672416293103,28.0805561,2.8499999,1.27948273715517,0.452222224,451.546783447266,6.80661821365356,3.83084106445312,29613652.8497409,15300995.0741249,296.596208695652,9.68644817690656,-0.0560532640558783,-0.133792827314025,520192.139151555,-40378.5445793501
"4",1743,27.0666662666667,38.1134835123596,27.0916658666667,22.8333333333333,29.022471258427,18.1291662666667,2.13666669333333,0.617865164966292,0.11624999775,409.167510986328,7.45010900497437,8.1634521484375,28013082.9015544,11783097.4728824,297.231542461005,10.4798597457358,-0.0899419203592213,-0.135217825638094,423081.805335983,63772.6278489956
"5",1744,25.4999997391304,36.90813865,28,22.2304352695652,27.4406973209302,17.6000004,2.22956518695652,0.474534883244186,0.140000001,444.888305664062,6.75523614883423,12.3647766113281,26051865.2849741,11180331.1356991,297.544826388889,10.2134310023308,-0.0654940731307185,-0.165936312518593,411309.198999898,53235.0057263261
"6",1747,42.5368413052632,32.6765307168367,23.3999996,34.6131566710526,24.055612477551,18,1.09921052447368,0.154999998981122,0.0299999993,416.406066894531,7.79726266860962,1.41439819335938,26805595.8549223,15842716.5053034,297.230484429066,10.0970595153627,-0.0545332201587589,-0.107344913186337,476456.98069965,-44748.3575663768
"7",1751,29.6536582731707,30.5355779682692,18.3999996,24.8170736097561,23.3692312461538,21.2000008,1.44536584063415,0.427596155153846,0.150000006,970.844116210938,8.46183300018311,2.08856201171875,20470932.642487,12129017.6328633,300.237958477509,11.9068527805904,-0.109683567268423,-0.110350729572955,135410.350713261,79026.2589714914
"8",1754,18.3869560695652,18.2217389521739,14.6999998,14.2869562347826,11.7369565656522,7.0999999,1.48217389826087,0.61586957376087,0.180000007,446.149383544922,8.46831798553467,15.634033203125,25937305.6994819,11156130.7585162,297.529444444444,10.0844824938656,-0.0848389924320533,-0.159732278426038,412322.459959548,53175.1280826733
"9",1755,30.7509799215686,44.3989003637363,33.0999985,24.1803922117647,32.6879122681319,29.7999992,0.496078434019608,0.473516488351648,0.100000001,399.100616455078,7.97585868835449,5.20135498046875,28559740.9326425,12600467.5417372,297.907881944444,10.9502000470885,-0.125420594485509,-0.00911473756343172,428364.615489385,48525.8089308805
"10",1756,27.32000008,46.1831466303371,33.9000015,20.05999984,32.1056175853933,28.3999996,1.139999986,0.429662926707865,0.0900000036,385.005310058594,7.00529432296753,1.60202026367188,31161554.4041451,15359715.3541129,297.962852173913,11.557465581444,-0.0772993525968496,-0.0280866446441068,432178.905934493,48571.3865472785
"11",1757,15.14000056,19.1510208081633,17.8209302604651,13.96000024,16.0714285510204,14.2744187488372,0.8439999818,0.549183676530612,0.252093018116279,436.562377929688,7.79144763946533,1.93475341796875,28126088.0829016,21986164.8228652,295.42543554007,10.0491742292367,0.0818915784109322,-0.158727733902294,420243.736115162,154306.229856682
"12",1773,25.8777779555556,25.3273967616438,18.0913043072464,23.4222228,23.0726030849315,10.5463765768116,1.26111111722222,0.483013696780822,0.180000007,946.15380859375,9.43180179595947,2.157470703125,22345077.7202073,11721004.1065888,301.597207678883,12.3331759880231,-0.120242671318105,-0.117722248721361,125912.928456487,75248.7366038106
"13",1774,26.3846150769231,27.4119045404762,21.0619039619048,23.9307698769231,22.5166665904762,21.1714291619048,1.19923077384615,0.437380943928571,0.174761909142857,926.282897949219,6.86365604400635,3.82391357421875,20048782.3834197,9495429.45798035,301.744639718805,12.0233980625413,-0.115795109786089,-0.121386203051983,117406.690293412,70952.9965335154
"14",1786,20.3842109052632,20.6000004,18.2999992,14.7973686631579,11.1500001,7.30000019,1.86105260710526,0.3549999895,0.0399999991,583.205017089844,7.82997369766235,1.480712890625,23413264.2487047,10062640.5466731,299.283944153578,10.9278499896126,-0.0909769036818936,-0.146749003848426,294883.127587641,82421.1437277309
"15",1790,64.5466679666667,65.9071443142857,67.5960779921569,35.6266659733333,35.4571413571429,34.1715692196078,1.0939999856,0.669999999642857,0.499999994901961,606.340698242188,7.00518465042114,17.9514770507812,22771424.8704663,10005652.5474122,299.024843205575,10.890256026738,-0.101359709680343,-0.136287426426076,302500.134306406,76309.2444500276
"16",1791,18.3749999166667,17.3999996,15.5222219070707,15.5333336333333,16.7999992,13.1636363717172,0.79249999425,0.589999974,0.242525255161616,470.428375244141,7.35497999191284,3.09625244140625,28182487.0466321,13243445.3096112,297.726852173913,11.3729018206901,-0.0629694456998937,-0.059858126196839,344941.362332943,121166.829630878
"17",1792,29.6722226888889,42.7327874885246,30.5534242958904,24.2277781333333,29.7131145245902,19.5410956712329,1.75555551666667,0.985081990868852,0.272191782109589,470.647674560547,7.00141048431396,0.5201416015625,27605414.507772,11397526.8203214,297.664409722222,11.0580348910178,-0.048997141177268,-0.0431143091482594,343437.087642436,121547.756356949
"18",1799,24,34.2799995927273,26.1487806682927,18.7000008,26.9127276872727,24.5085361073171,0.860000014,0.387454547781818,0.153658540829268,488.890319824219,7.5069694519043,6.75741577148438,25950259.0673575,10672647.3515783,298.19242582897,11.2723573281917,-0.0888298900322994,-0.0797335405848658,343529.021819246,124353.741110714
"19",1801,28.3999994888889,34.5871798649573,25.7000008,21.8888891111111,27.9863246974359,26.2999992,1.35999998388889,0.412564094213675,0.189999998,624.32421875,7.54327392578125,9.7630615234375,21359430.0518135,9152314.48615792,299.446666666667,11.7106607692382,-0.116994071634047,-0.0945474644073987,293187.909806055,60301.4625130992
"20",1804,15.6487808878049,17.2953484372093,19.3740739160494,14.795122595122,16.4581393674419,15.6580248790123,0.816097557487805,0.53906978255814,0.282716050333333,482.192169189453,9.60416603088379,0,26954585.492228,13391835.0569059,298.169913344887,10.899471643641,-0.0282196723367843,-0.0999338115312385,334014.700322323,124551.732953189
"21",1805,32.0000005,45.314492884058,51.8135812839506,15.00000025,22.7666662550725,30.6246912641975,1.3650000125,0.70449275968116,0.309382720666667,439.685119628906,9.08049488067627,1.227294921875,28058108.8082902,13330789.6434532,296.892201039861,10.0470863404141,-0.0849183397676353,-0.0939850270421976,494625.971611427,-31939.577525387
"22",1806,30.6000004,48.2901636508197,59.6648638864865,21,30.6688524459016,32.7243239621622,1.34000003,0.817049150065574,0.233783784,438.959167480469,7.45180225372314,2.42620849609375,27093523.3160622,14163666.0827855,297.186713043478,10.0045063093672,-0.0585909888379198,-0.0996291124793553,493728.501080948,-34627.7420508798
"23",1809,34.0999985,44.3272725515152,42.9825868004975,26.6000004,32.5651509924242,23.8587066587065,1.79999995,0.750909101015152,0.0930348253572139,434.138000488281,8.16909122467041,1.50778198242188,28143834.1968912,12645357.2533932,297.276550522648,10.3541805781572,-0.0517863325950059,-0.104672653844565,478948.289002429,-34886.0317096434
"24",1810,28.1000004,46.7987810621951,44.1173693621053,22.7000008,32.3621955707317,29.7031579073684,2.11999989,0.769390246304878,0.150684215014211,434.049499511719,9.3936243057251,1.49356079101562,28143834.1968912,12645357.2533932,297.276550522648,10.3541805781572,-0.0517863325950059,-0.104672653844565,478896.280014105,-34912.3828660189
"25",1819,21.0945055868132,26.5,28.7000008,18.4615383076923,18.5,19.1181815030303,0.990549436351648,0.560000002,0.263636374121212,626.625427246094,7.16202735900879,1.3907470703125,26091528.4974093,13543665.0642252,299.274340277778,11.2333765684778,-0.0889224458875084,-0.0799424425966945,278650.431556455,65015.4205899654
"26",1829,33.2357145142857,42.3749992,36.8999997276596,25.6071425714286,20.55,6.34361713446808,1.52000003214286,0.73549998965,0.0674468068631915,670.271423339844,7.04048156738281,2.4927978515625,24234559.5854922,11337038.7547899,299.426933797909,11.4956399051908,-0.101156639187575,-0.0929487987830265,266682.424516835,72549.3394055733
"27",1830,29.312000128,48.7530609306122,50.697673827907,19.816000304,15.3183669469388,12.1976746976744,1.5819999904,0.50571429844898,0.125813955255814,670.228454589844,7.44511890411377,2.00054931640625,23439507.7720207,9083472.99083694,299.477739130435,11.303363615575,-0.117399879929721,-0.102325274290797,265019.328150507,72423.6024406843
"28",2014,11.52000028,12.102438702439,11,12.22000028,12.7073169512195,11.1999998,0.9319999924,0.379756085268293,0.180000007,919.7421875,11.2636117935181,0.7117919921875,22200854.9222798,10897906.103882,294.623506944444,11.0444806688757,-0.0794364060037801,-0.126129914946302,169445.747719507,301653.654261517
"29",2038,31.996000248,39.3691491648936,30.3999996,25.063999696,31.5457454670213,27.5,1.7680000132,0.457340420978723,0.109999999,417.887969970703,8.26043128967285,11.1604309082031,26346865.2849741,18852962.3775092,295.114694589878,10.5422223900986,0.0269263631322289,-0.148603703625088,493870.094514136,233632.288318744
"30",2061,29.0321422714286,26.5452227159236,24.8999996,23.2178575142857,23.5286625859873,23.1000004,2.15035714428571,0.328726118350318,0.0399999991,602.312805175781,6.38114261627197,14.5791015625,26870233.1606218,15135076.2017839,295.855958188153,11.00660955028,-0.0391033467655843,-0.127863252555054,368540.26581786,214769.350485632
"31",2063,23.5086952521739,26.4576466194118,21.6000004,21.1391303826087,23.3105881011765,21.8999996,2.59304353521739,0.355647058036471,0.0399999991,587.777282714844,7.03626918792725,12.8761596679688,25579740.9326425,14061868.6362481,295.278643478261,10.7358583867104,-0.0461945414225351,-0.12229591750812,371836.835933261,217995.727617707
"32",2079,24.5396227245283,24.8369050619048,15.6999998,21.2943397056604,22.7642857714286,20,0.734905670924528,0.487380952190476,0.170000002,967.893737792969,7.7331657409668,1.77203369140625,26365129.5336788,12557702.975033,298.372695652174,11.9201886342541,-0.0891788130339493,-0.10245740433292,120503.200964844,222554.140598921
"33",2114,29.1965516827586,38.0252102857143,31.8783131036145,23.686206537931,25.1647054823529,17.5493979566265,2.1548275837931,0.325294116821849,0.0145783129506024,397.043090820312,7.40671586990356,12.6417846679688,28705803.1088083,15277741.2827941,294.897839721254,10.5736267552627,-0.026111804724327,-0.130488191260708,502928.205338971,264851.012065034
"34",2160,29.60333359,41.2821437678571,34.8368425789474,23.1499993333333,29.9059515357143,24.4,1.72166665266667,0.419523812633333,0.0931578975157895,442.559967041016,8.93439483642578,14.6070556640625,24381217.6165803,16925069.6350096,295.040630472855,11.0171293561857,-0.00271265967709545,-0.156349544966173,509159.183204291,237783.579329969
"35",2185,29.1782616695652,36.6157888052632,33.0604398241758,22.5434787826087,26.1210529052632,19.4043952,1.88782607043478,0.686842123736842,0.0928571438538461,412.302062988281,10.7601556777954,3.05740356445312,27510414.507772,16829614.7399538,294.350504347826,11.0396643571266,-0.00640626968569725,-0.129361832128324,502994.814813837,305034.066634597
"36",2186,37.0749998,37.7130443782609,32.8790697139535,28.0999994,26.7782608521739,20.215116,1.5174999525,0.442608697434783,0.06930232395,448.356750488281,6.32125854492188,26.9366760253906,25122746.1139896,18497792.6158785,294.124223385689,10.7744751287319,0.0185608667245489,-0.14004206083457,493431.854395786,305836.718541572
"37",2191,28.5000004,35.3888888292929,23.6000004,22.24000016,28.7373742393939,26.3999996,1.823999978,0.408585864808081,0.119999997,496.505096435547,7.05781936645508,4.07315063476562,26401476.6839378,21323358.8920019,294.725950704225,10.6539350180907,0.0875245218631577,-0.17834732115941,441043.466946538,241837.853287426
"38",2192,29.976000064,36.8762888762887,23.7000008,22.496000064,30.7938144536082,26,1.8144000156,0.542783507639175,0.119999997,485.702453613281,7.66650390625,0.952789306640625,25185362.6943005,21548482.2136564,294.732356020942,10.7603756173042,0.0767869035058379,-0.188746493129213,448551.794618387,257246.682638745
"39",2193,25.96000024,39.4313137161616,33.4000015,19.74000056,29.8888889242424,28,1.72199998,0.416464641808081,0.140000001,429.013641357422,6.80011892318726,10.6354064941406,28926891.1917098,14349999.4723227,294.89574912892,10.6313320093474,0.0131683843823023,-0.137428293099398,485701.182327295,238935.922702259
"40",2194,29.16000024,38.3282047213675,33.2000008,22.3000004,28.217093842735,27.2000008,2.138500024,0.436581196119658,0.129999995,434.058441162109,6.61246919631958,10.9469299316406,25797409.3264249,20263587.8676748,294.68425087108,10.5185651902345,0.065824480665763,-0.176662805153233,485710.544955928,246495.487283357
"41",2203,27.1652172695652,29.3794641383929,22.4300006533333,20.4391312347826,25.1705355214286,22.2399994933333,1.31782608695652,0.337857136732143,0.140000001,600.046081542969,7.07911777496338,3.02496337890625,26970336.7875648,20672064.7223803,294.912200357782,10.6686984954597,0.104352487704612,-0.150902752789287,353129.817168292,240143.397694934
"42",2204,25.2913039478261,36.2575762318182,18.595744893617,17.5565218782609,26.3015155393939,21.5638300425532,1.3078261073913,0.426060596424242,0.109255320840426,594.646850585938,7.52669525146484,7.2469482421875,25558316.0621762,19019123.4728751,294.944577464789,10.4590866714567,0.082482312538548,-0.153515346165139,355563.883530425,237413.954512688
"43",2207,29.7999998315789,35.7583323559524,27.3999996,21.3342106,26.3916668761905,25.7999992,1.60421052078947,0.425119051023809,0.0799999982,496.316711425781,8.60794448852539,3.2659912109375,25845129.5336788,18407818.669386,294.59664921466,10.6782698081321,0.0648678671077944,-0.179324687419126,438814.168204036,281969.352253103
"44",2208,30.4829281073171,35.0932578404494,24.2000008,22.2731715317073,27.1730335460674,25.3999996,1.6399999804878,0.326516855157303,0.119999997,511.530517578125,6.90911960601807,1.20309448242188,26526269.4300518,21175616.3024116,294.237587412587,10.6972216199531,0.0932955668637249,-0.176808992102538,425963.43619106,272379.597980634
"45",2217,20.7782604173913,23.3054944527473,14.8999996,19.6347830608696,21.2318682461538,18.8999996,1.26130434782609,0.417472527076923,0.140000001,929.612854003906,8.27719020843506,26.6510620117188,20657849.7409326,12325930.4872843,299.293194444444,12.2835343251406,-0.128130553879842,-0.0959280593420574,134188.594154225,196018.952889842
"46",2218,22.85999984,23.2487806292683,16.2000008,20.56000024,21.8939023804878,19.3999996,1.0540000212,0.424024387317073,0.150000006,911.475219726562,11.1057004928589,19.0156860351562,21744481.865285,10967686.7710316,298.837569444444,12.0280713259132,-0.112733530766654,-0.116608919083122,140670.982832997,197804.609899956
"47",2221,18.7999992,21.875213825641,15.8999996,17.3999996,22.7854702017094,21,1.09000003,0.275811965076923,0.100000001,606.543212890625,8.08423137664795,3.89697265625,25407927.4611399,19135371.785146,294.65824686941,10.5925312398868,0.0840707069409451,-0.155212197689669,361664.052602308,265242.248102708
"48",2222,24.8999996,23.2528846076923,19.3999996,20.2999992,23.4567307884615,22.1000004,0.959999979,0.184134616009615,0.0799999982,570.950744628906,7.448157787323,5.171630859375,24939611.3989637,19935037.9816322,293.807060869565,10.5175414560752,0.0902167854884062,-0.147416737859817,387176.880438365,289874.167077359
"49",2242,25.1800003866667,25.5180561,14.291999728,16.0500002333333,15.4986109111111,10.2160000284,1.291000024,0.329305551194444,0.057999998684,401.415740966797,6.32737636566162,19.5442810058594,26975103.626943,16743562.1003243,294.760035087719,11.0818221300058,0.010876781955582,-0.120772728803262,507104.906118396,306757.559953494
"50",2243,23.22000008,26.7974027480519,17.9333337333333,15.7400000933333,17.3415583402597,11.7333332666667,1.20266665566667,0.419350651363636,0.106666664066667,426.745086669922,6.33692073822021,16.7559509277344,28869274.611399,15167396.4580807,294.161182608696,10.9887236465155,-0.0260384066980643,-0.104054966501471,498988.749388877,305937.885398493
"51",2256,32.7999992,37.440426187234,28.9846154484615,21.8999996,25.8042553021277,23.1876923507692,1.80999994,0.44851064012766,0.0870769210646154,433.137145996094,7.25139188766479,23.0446166992188,25066036.2694301,19567693.3078707,294.925837837838,11.1235048470327,0.044023506433403,-0.147772481361594,504109.370330358,329373.734102843
"52",2257,29.7999992,37.6030315590909,29.4206450341935,20.2999992,24.0227274242424,23.5606452748387,1.53999996,0.573181818636364,0.11606451504,420.552642822266,7.71210336685181,9.79010009765625,25663419.6891192,20474211.1901721,294.619,11.1861088337628,0.0508845989414408,-0.151232610158408,502684.242434807,333151.407956294
"53",2286,28.9714281714286,42.1309522226191,31.3500004,19.9571432571429,30.604761672619,25.8999996,1.37285713428571,0.442023799833333,0.155000001,424.305969238281,9.48537349700928,11.75927734375,26107564.7668394,18503592.0914833,294.734385964912,10.6572625496831,0.0372996797579705,-0.150536602820232,526707.201876574,255394.654975883
"54",2287,39.2999992,40.7883712872093,33.5894728842105,26.5071420642857,29.9244188139535,26.3263149894737,1.71571430214286,0.523139541651163,0.210526316684211,420.431915283203,8.94597816467285,17.4598083496094,24044326.4248705,11106582.77661,294.68707530648,10.667180970257,0.0302732959829367,-0.0891928600243031,523401.892505983,247528.405606341
"55",6599,27,39.0680326270492,35.5999985,24.2000008,24.6278689868852,27.5,2.6400001,0.297213112737705,0.100000001,538.715454101562,8.29138851165771,1.8253173828125,26868005.1813472,19105430.8294577,294.788146853147,10.2853066124203,0.0783293160588338,-0.186763849107557,398886.597176846,241852.772332693
"56",7236,23.1000004833333,26.2800000977778,19.9535708380952,21.0249996,22.2266667288889,20.1571429619048,1.7583333875,0.642222207222222,0.16511904577381,822.195556640625,6.71170997619629,19.9827880859375,23380077.7202073,12187853.9812909,296.968986013986,11.0995683963271,-0.0998232404343496,-0.148059758774353,227502.545636456,258201.80475102
"57",7238,21.22000008,25.6517242850575,19.0250000166667,20.0999992,23.5873560735632,21.1124994083333,1.367999984,0.540114946643678,0.165625006520833,819.092102050781,12.6197719573975,1.96551513671875,23132590.6735751,11763985.6097677,296.345148861646,11.2585571714614,-0.022530104481017,-0.0747725021651447,241976.946684059,252180.520507749
"58",7239,21.9217392521739,27.3627450980392,20.9923075076923,20.9304342434783,24.6215690745098,20.4692311076923,1.26130429478261,0.689803920529412,0.186923073846154,822.838623046875,12.2927350997925,10.7534790039062,25683963.7305699,12303041.2284447,296.822171628722,11.3216008807865,-0.0589020300377538,-0.0851967231625687,241872.469310931,251688.945999334
"59",7352,23.2999992,17.5521280702128,23.8857138285714,17,13.1648936702128,21.9999997142857,0.980000019,0.261489363765957,0.191428572142857,454.971923828125,6.73066425323486,5.66213989257812,28080621.761658,16567310.2669847,295.088222996516,10.5821885643904,0.000238213023126392,-0.15035906244076,463113.307992256,241216.443795203
"60",7353,31.7000008,36.2743899170732,28.6000004,28.2000008,31.8085370146341,25.2999992,2.27999997,0.573292686207317,0.100000001,472.027648925781,9.931565284729,3.2183837890625,30147072.5388601,14870809.3205874,295.288222996516,11.0207991515913,-0.0120548543036183,-0.117334199926845,458250.578988527,242689.633309078
"61",7411,46.2999992,54.4666659333333,37.2999992,30.7000008,30.7333329333333,20.3999996,3.88000011,1.43666665,0.639999986,388.584503173828,8.44658851623535,5.41000366210938,28815103.626943,14845808.0178722,296.710763888889,9.65555732423281,-0.022093169362183,-0.131630923911184,526704.640653847,13504.3988895371
"62",7412,17.1000004,23.3255319829787,22.7999992,11,9.99787248,7.9000001,1.77999997,0.419148940765957,0.150000006,426.349578857422,8.7669095993042,24.4756774902344,25470025.9067358,10905462.2915095,297.253552859619,10.6450831777971,-0.08679174578901,-0.136871083115693,414775.759108181,85739.139689461
"63",7413,21.7000008,29.3999996,41.2999992,11.3999996,13.1000004,13.5,1.91999996,1.24000001,0.109999999,419.086761474609,7.00379323959351,15.0816040039062,26891243.5233161,10835352.7205857,297.253552859619,10.6450831777971,-0.0841221433927453,-0.141938139616087,415377.531757086,85432.0031222292
"64",7415,20.6434788347826,39.2999992,32.7999992,15.7826088695652,16.6000004,12.8999996,2.79521738956522,1.08000004,0.460000008,496.495178222656,6.60343885421753,4.04458618164062,28071528.4974093,12162800.4505741,298.304340277778,10.8577447533651,-0.0931417261600835,-0.0897708201635144,349619.21617005,89895.9985916418
"65",7416,34.3324335540541,40.20999994,28.2200003171429,24.7540539891892,28.223749895,18.6799999771429,1.74972978513514,1.0697499988,0.290285720942857,372.560150146484,6.54414319992065,3.68939208984375,32841502.5906736,13377710.3168208,297.957277486911,11.2599416642032,-0.0562262434901896,-0.00577435569071232,436846.344380351,59677.4750444199
"66",7417,26.7000008,31.2053839292308,27.1000004,18.1000004,18.7238464646154,16.2999992,1.57000005,0.501076919807692,0.100000001,360.120910644531,18.1865177154541,0,29297072.5388601,12555800.4799943,297.413899480069,10.9934932243851,-0.111117990757402,-0.00241467120823368,448828.451105108,57568.7725277141
"67",7508,21.8727278545455,44.5036147325301,26.8930224558139,15.9636364,32.4337341120482,25.3325577023256,1.37818185818182,0.623373486313253,0.157906976627907,536.674926757812,9.48618316650391,0.01806640625,26992202.0725389,21079825.2677791,294.839201388889,10.3782226201029,0.107835105905105,-0.183351389791637,396679.759172385,241667.17315369
"68",7510,18.7000008,40.2718523140741,34.0999985,15.6000004,26.0592597481481,26.8999996,2.66000009,0.337185178133333,0.100000001,509.216430664062,20.1154460906982,0.00494384765625,27223082.9015544,20688601.3557091,295.050122591944,10.7370716622216,0.0841170623632881,-0.176335051679326,418206.078895079,240145.453866473
"69",7511,29.8677425032258,42.7730775487179,30.9159085272727,20.8387096774194,30.580768924359,27.7227267545455,1.77096776129032,0.582179479487179,0.164090912272727,507.735015869141,7.54611682891846,3.37606811523438,25514870.4663212,21108491.0620878,294.860767888307,10.3996858867075,0.102931086991194,-0.202463110720863,421369.778378993,229766.103245422
"70",7667,28.47999952,42.0810132848101,30.3999996,21.56000064,30.5784812443038,26.2999992,2.015999936,0.762025315797468,0.159999996,490.287292480469,7.10938501358032,2.10488891601562,25756554.4041451,18157278.5103448,295.139269565217,10.8017395757696,0.0145448503949098,-0.172754181158923,449716.795877596,237014.583309568
"71",7668,27.3999996,42.1120701517241,23.7000008,17.5,29.7051725448276,26,1.49000001,0.557413789258621,0.129999995,523.162414550781,7.20399332046509,9.48577880859375,25896165.8031088,19512632.2670218,294.697979094077,10.3295595475477,0.0812151947380631,-0.15986607910716,418096.148435538,236813.141933664
"72",7669,27.2000008,41.1135139040541,25.842857784127,19.7000008,29.9027031581081,25.2365072952381,1.83000004,0.705945943608108,0.151904763301587,515.260681152344,6.53201818466187,6.59490966796875,24526606.2176166,19442764.8115503,295.162179261863,10.7600776623031,0.040626505992822,-0.163452573590299,422323.05783711,257835.100934807
"73",7919,27.2707319609756,33.1382984170213,31,20.5951218439024,26.5712765617021,22.1000004,1.49926830243902,0.572446815808511,0.330000013,442.585571289062,9.01786136627197,10.1476135253906,27190284.9740933,11303439.5257985,294.606017391304,10.7481142645396,-0.0204643347528183,-0.107907420590422,493635.440387551,258590.96486706
"74",7920,39.41999892,38.4779225701299,31.1000004,30.37999952,28.8974024727273,29.6000004,2.671999936,0.634025981064935,0.150000006,384.487335205078,6.91993379592896,13.2999877929688,28846658.0310881,19561178.9534524,294.80810619469,10.8080255898949,0.0588485397093574,-0.127872093342867,514059.974815357,288308.71338084
"75",8021,23.3999996,43.0634909920635,30.7999992,20.7999992,30.5857145650794,27.8999996,2.29999995,0.741904763634921,0.159999996,491.556182861328,8.03395175933838,3.11383056640625,25205932.642487,19311997.422654,294.840418848168,10.651514346149,0.063497967185491,-0.18496828034049,442347.953819877,240086.202849447
"76",8022,22.8999996,32.9224722606742,25.1813954697674,19,23.5191010876405,19.7511631906977,2.25,0.611685398033708,0.116046507860465,499.345062255859,6.715895652771,4.4747314453125,28081891.1917098,12816457.0057539,295.672486956522,10.5588782551161,-0.036952231293929,-0.117179376921266,410482.300978731,204346.204237447
"77",8445,21.7999992,23.1787879575758,19.1000004,17.3999996,18.2348483030303,16.7000008,1.01999998,0.428787865939394,0.159999996,685.747009277344,13.9066314697266,4.83074951171875,23725103.626943,10708132.5382518,297.018701754386,11.0401697790824,-0.0721082980737768,-0.145719253098194,285709.451200372,218236.567691351
"78",8618,19.2363640363636,40.4430383544304,28.2607594987342,15.1090908,27.9848095088608,24.4544301721519,1.36636364545455,0.631772157962025,0.225063292670886,457.460235595703,8.2371883392334,11.1253051757812,26217020.7253886,18170718.2222183,295.177212543554,10.0121561314992,0.0788363280604752,-0.155027834646286,413824.350253831,166677.953183844
"79",8761,45.1304357608696,51.6648357582418,31.4235296941176,37.0565206956522,35.7582419340659,23.641177,1.87782604391304,0.800988979274725,0.318235292823529,411.066802978516,10.2137622833252,0,28248445.5958549,16617066.8069267,297.182530329289,10.715463053337,-0.0879823435398541,0.0183775435355726,399689.22179979,119677.369860431
"80",8762,17.3999996,30.7590169131148,30.7875005875,18.7000008,23.337705547541,26.01458385,2.55999994,0.328196710032787,0.108749996877083,692.697204589844,7.11487007141113,12.7748413085938,22587383.4196891,10170464.0685413,299.060034782609,10.8773931404491,-0.0936495954074469,-0.12548940966507,261444.257232163,104314.762647422
"81",8764,33.0694445,30.9965521241379,24.5,27.0111108777778,26.0689651724138,24.5,0.927222225083333,0.605517236137931,0.289999992,883.465026855469,8.89405918121338,1.99078369140625,25265932.642487,14807537.9815812,298.323333333333,10.575952866174,-0.0373479116463016,-0.125590607868228,176997.124448057,120059.164155924
"82",8766,15.6999998,33.2999992,28,17.1000004,7.5999999,6.80000019,1.98000002,0.319999993,0.170000002,740.662963867188,15.6347923278809,0,19232461.1398964,8978558.17568001,301.29547826087,11.8159566891525,-0.125456252111039,-0.148830173928956,188874.318385406,49702.9197092431
"83",8769,13.1000004,26.3999996,9.86666712777778,9.69999981,16.7999992,5.50000002777778,0.839999974,0.49000001,0.0833333356111111,467.158416748047,6.62481451034546,16.4790344238281,29078160.6217617,10932816.5112033,296.878370883882,10.3797082747614,-0.123178391695688,-0.0618506835786952,459166.523402049,29547.2479433881
"84",8770,26.004000176,34.5969062876289,27.5,18.451999648,27.2216495257732,26.2999992,0.97279997456,0.354329895175258,0.25,646.677429199219,12.6398620605469,0.2735595703125,24307020.7253886,11093666.2722748,299.814320557491,11.7866505584693,-0.10515965496177,-0.0915317057385937,270056.231985475,21544.3313602252
"85",9129,6.0999999,9,7.00275226045872,6.5,6.19999981,5.89816512018349,0.829999983,0.629999995,0.360917435477064,1034.19714355469,6.83417129516602,11.2814331054688,23201165.8031088,11367862.5816964,298.521188811189,11.8323055055005,-0.0139668248878135,-0.145186612516224,81600.4304538731,259405.618425234
"86",9131,18.43499934,21.4704914229508,20.3999996,15.66999973,20.3745902032787,5,1.2564999935,0.47262296302459,0.239999995,1091.80505371094,8.01665306091309,2.807373046875,21124870.4663212,10462982.3221721,298.112824956672,12.3441632276346,-0.113681873706405,-0.120732461722767,61153.7775183535,272867.138188093
"87",9132,18.5,31.190475552381,25.3999996,16.5,24.238094952381,8.19999981,1.39999998,0.793809521761905,0.349999994,1083.82568359375,14.4095497131348,0,21043341.9689119,11294170.2912816,298.598365217391,12.228648181513,-0.126431037591321,-0.112782717988739,61168.5824857708,270550.184642839
"88",9133,18.5,26.3953124875,24.1000004,17.8999996,22.3671881875,6.0999999,1.54999995,0.779687503234375,0.289999992,1090.75805664062,9.08905220031738,0.1717529296875,19199067.357513,10251133.6926733,297.20589877836,11.4967885195155,-0.080592519114248,-0.119253443567358,61249.3121532844,282963.168339625
"89",9726,25.4151521454545,23.935593640678,17.1000004,21.3303032606061,22.5542377084746,20.3999996,1.83545453575758,0.416101699610169,0.119999997,713.066711425781,9.2037410736084,1.1285400390625,28871891.1917098,26094767.1481851,295.4240433213,10.5104219132145,0.0874202884140757,-0.150712268527453,280320.867290425,237169.125349968
"90",10167,18.4642857142857,27.039343895082,11.1999998,16.8214282857143,22.4622955540984,12.8999996,1.30071427571429,0.746885244278689,0.129999995,1041.95959472656,12.0209922790527,2.0333251953125,26656735.7512953,20052923.1141223,297.022847100176,11.6074803306415,-0.0462805337286016,-0.131660397584141,87010.9332550923,306725.875170798
"91",10168,18.5,21.1499996,15.3000002,15.1000004,18.6000004,14.3863637727273,0.930000007,0.5649999975,0.189090911727273,1061.39245605469,7.82214021682739,1.8873291015625,26767098.4455959,16107918.8519477,295.985053763441,10.9643205053629,0.054577243864682,-0.128658128698396,77044.4321925477,305566.729547787
"92",10589,30.7000008,41.2764690882353,23.7999992,26.8999996,30.2784305627451,18.2000008,3.49000001,1.25352939294118,0.310000002,399.560546875,8.1193904876709,2.67626953125,28228989.6373057,11723271.4402691,296.543333333333,10.7659225982404,-0.0862294258003248,-0.0880618031055202,483265.373976736,118394.882280778
"93",11502,23.8178569857143,44.4578947789474,21.8999996,19.8571424285714,33.0210524,24.6000004,1.75285709357143,0.755789477315789,0.159999996,558.00048828125,7.74683427810669,3.23370361328125,26847512.9533679,17510572.2285869,295.038886956522,10.5659880412857,0.0374062237087797,-0.0868547506545916,386273.331256451,242481.008585001
"94",11507,27,37.2296292148148,31.5,22.7000008,27.4925924148148,21,2.1400001,0.540740737296296,0.119999997,499.151916503906,7.1858696937561,3.99429321289062,28081891.1917098,12816457.0057539,295.672486956522,10.5588782551161,-0.036952231293929,-0.117179376921266,410482.385030516,204284.350785471
"95",12471,40.4862076206897,47.1111113972222,42.0210523157895,31.5758612689655,35.0388889333333,29.1736843789474,1.71482761206897,0.783611117166667,0.205789476105263,456.654296875,8.72722816467285,8.73712158203125,25310803.1088083,13159296.9309526,297.326332179931,10.4675484346918,-0.0890701962895672,-0.104243544245945,471896.982641291,-26780.3817821585
"96",12526,13.3999996,24.9714291238095,9.56393415803279,10.8999996,20.9666665333333,10.1508196606557,0.790000021,0.569523808619048,0.139508195,1035.41027832031,9.96018123626709,4.2105712890625,21769430.0518135,12548873.7917213,297.060104895105,11.8721011610612,-0.0919064259964337,-0.140925311660633,92567.380183926,298531.520151363
"97",13298,24.9866662133333,47.3615385230769,27.0884616615385,19.2133329866667,31.6615392615385,26.1923079230769,1.76300000433333,0.670769237384615,0.163846148,512.671569824219,7.73914575576782,3.95013427734375,27689792.746114,21758366.4269017,294.851881533101,10.4103109854205,0.0968824592801027,-0.161783543516257,411515.539135579,225694.535687357
"98",13299,34.2999992,43.1090913454545,28.8194809662338,24.5,30.9636359,26.3662335168831,1.72000003,0.759090916727273,0.198311692467532,512.279052734375,7.20734739303589,3.78045654296875,27629067.357513,23638849.18553,294.810052356021,10.4859785583381,0.115910808537444,-0.188604006056817,411515.261995573,225879.669177422
"99",13300,23.275999424,47.3666661666667,32.6230772615385,18.4399992,33.0666662666667,28.7153843230769,1.5936,0.776666661,0.214999994307692,512.290161132812,7.60905408859253,4.38247680664062,27318937.8238342,23134232.0407574,294.810052356021,10.4859785583381,0.115115318625043,-0.19562724406889,411561.320655144,226280.514290976
"100",13301,22.8173915304348,44.47818224,27.9000002666667,18.4173921043478,32.7709101254545,27.6499996,1.60391304130435,0.698727263145455,0.123333329766667,514.883911132812,8.26638603210449,5.46286010742188,27176450.7772021,22505843.5954249,294.769719298246,10.4447394580418,0.0998132132469781,-0.177280712858355,411582.37220843,228224.276455552
"101",13302,38.2000008,43.8800003,25.2252523555556,27.2000008,32.2800003,26.2929293131313,1.26999998,0.8200000046,0.166161614020202,526.760620117188,7.80235147476196,1.9952392578125,26672927.4611399,21717882.7859995,294.691533101045,10.3981853742162,0.10398678384456,-0.18076254408135,411568.386157941,237510.192919146
"102",13303,24.5,47.6837849054054,24.4986117722222,19.2000008,32.2189185513514,27.7069448277778,1.75999999,0.846486491081081,0.157777772083333,514.883911132812,8.26638603210449,5.46286010742188,27176450.7772021,22505843.5954249,294.769719298246,10.4447394580418,0.0998132132469781,-0.177280712858355,411582.37220843,228224.276455552
"103",13304,25.57000018,42.7999992,22.3354832774194,20.28500044,32.2999992,25.4387094967742,1.51099996,0.620000005,0.139354835225806,553.712036132812,11.11106300354,0.24908447265625,30414430.0518135,13693010.7989167,294.689040139616,10.3345850184529,-0.0543243034176569,-0.116855767619937,387129.761840194,248001.938851207
"104",13305,32,40.1297312297297,20.3645164258064,24.3999996,29.2108104108108,25.2387103096774,1.49000001,0.695945963621622,0.131612902548387,561.340576171875,7.51113033294678,6.45452880859375,30686968.9119171,15267465.2429434,294.910384615385,10.3938919416258,-0.0149453714974709,-0.0850781971919897,386893.481666065,247385.433306845
"105",13306,27.2999992,38.8681811818182,21.3999996,19.8999996,30.1515153939394,24.2999992,1.25999999,0.480606064030303,0.100000001,553.712036132812,11.11106300354,0.24908447265625,30414430.0518135,13693010.7989167,294.689040139616,10.3345850184529,-0.0543243034176569,-0.116855767619937,387129.761840194,248001.938851207
"106",13307,27.6000004,39.7368417105263,21.2000008,20.6000004,30.1526319789474,24.2999992,1.28999996,0.495789487052632,0.129999995,553.712036132812,11.11106300354,0.24908447265625,30414430.0518135,13693010.7989167,294.689040139616,10.3345850184529,-0.0543243034176569,-0.116855767619937,387129.761840194,248001.938851207
"107",13308,27.2000008,38.5228583228571,22.4807698846154,21.7999992,28.6000008,23.7903845076923,1.58000004,0.706285711571429,0.155384614826923,555.042419433594,7.53120851516724,1.62060546875,36270155.4404145,19780748.8460584,294.606076388889,10.3122992445399,-0.0369258103566087,-0.0557684724445091,387402.94331116,242386.275030829
"108",13309,22.7999992,41.2028567542857,26.8428570857143,18.3999996,29.9742854971429,24.2000008,1.88,0.709428584457143,0.219999997,559.261840820312,7.73122692108154,2.48651123046875,29457435.2331606,15802557.0478021,294.586282722513,10.2915992442304,0.0360504811443556,-0.135143060724376,386097.360644735,249577.369115089
"109",14125,37.5999985,66.2564111076923,17.6000004,31.5,45.2948726461538,9.69999981,2.48000002,1.34794871092308,0.189999998,417.16357421875,6.3285984992981,26.0877990722656,26682979.2746114,12789285.1331789,295.755191637631,9.77612530883076,-0.0320827124142145,-0.132097917785359,526322.11397183,85386.9146874046
"110",14126,37.9303034181818,44.1890911127273,43,28.8212123151515,31.3072728290909,31.2000008,2.48242424484848,0.702181819472727,0.360000014,349.665222167969,7.71658945083618,0.830902099609375,27937253.8860104,13786772.0423731,295.928536585366,9.83002468406031,-0.028981313427453,-0.15474610474369,522009.173209425,86058.4599117
"111",15360,28.6000004,35.0514700882353,31.4939393292929,22.6000004,28.3279411941176,25.6343436080808,1.25999999,0.564558812338235,0.203838388616162,553.464416503906,7.53736209869385,29.8333740234375,25005932.642487,10138750.3666896,298.997217391304,10.9616318779764,-0.110134200527589,-0.14587100660211,318184.769411034,73878.5917046287
"112",15361,21.8999996,34.0547616,11.2365715367619,19,30.3476198333333,20.1866669561905,1.70000005,1.01285713583333,0.197009524775238,991.122192382812,7.03682994842529,13.1668701171875,19430207.253886,9675378.41582446,299.992720970537,11.7712687403303,-0.145344927308091,-0.137683821561878,130866.352466191,108555.017915788
"113",15362,19.8999996,20.5777769777778,13.8801524824427,19.5,21.9111105333333,19.3997457363868,1.51999998,0.987777800666667,0.203893128229008,990.660949707031,7.47318077087402,3.7562255859375,19769378.238342,10097108.0662098,300.419131944444,11.9865381277768,-0.141069323326956,-0.134531311887267,129443.39319228,105748.240260637
"114",15617,15.6000004,13.4708331958333,12.8123713216495,19.2000008,17.7729171333333,15.7999997257732,1.54999995,0.726041669145833,0.187422676360825,1010.01934814453,7.30521678924561,3.12628173828125,18606243.5233161,9069032.77437127,298.579965156794,11.7688252373906,-0.102998556036454,-0.163012012318984,96495.2702229688,226025.618912177
"115",15620,14.6999998,23.64000016,22.8244679574468,14.3000002,21.2,20.4436167319149,1.16999996,0.9319999684,0.507978723989362,1008.96612548828,7.797691822052,10.2484130859375,21947020.7253886,13803565.3848792,297.813263525305,11.1502367873825,-0.105360677794898,-0.0936514124945615,106868.349783779,225376.599010483
"116",15621,16,24.3916669,24.3934787043478,14.3999996,21.1666665,19.570652,0.980000019,0.67833331225,0.181086955858696,984.298706054688,12.5712404251099,0,21747150.2590674,11793255.1122918,298.584668989547,11.7633807726619,-0.112296151584486,-0.10759265381307,109251.050699535,224637.554206426
"117",15622,16.7000008,25.8174603809524,25.733766025974,15.1999998,21.2142851428571,19.7116881194805,1.09000003,0.720793662507937,0.435194792701299,1024.87768554688,7.50354671478271,6.59039306640625,23502746.1139896,12758370.8898882,298.044440559441,11.7484116391854,-0.102250300375228,-0.113158033539314,101538.514527675,226878.01739641
"118",15623,19.5,18.5672132196721,16.2130956142857,21.6000004,18.227868452459,15.4380954309524,1.14999998,0.578360659,0.223214291404762,1022.96203613281,8.37611961364746,14.4671630859375,19371658.0310881,9525402.33855373,298.512097902098,11.5629715396833,-0.119323175936104,-0.129255092895505,100265.615400042,221897.239228366
"119",16169,39.7999992,34.0980767384615,25.4169173819549,27.5,25.2576918384615,20.4804510345865,1.27999997,0.370384619038462,0.170714287681203,367.603393554688,7.19131660461426,1.32046508789062,26243911.9170984,20118576.722335,295.079427549195,10.9960272246606,0.053417405550315,-0.168762360734058,520949.350939023,309959.19839747
"120",16178,40.5999985,36.3402177793478,27.665933889011,27,27.4858698565217,24.2681323912088,1.38999999,0.467391298413044,0.123956041923077,411.395874023438,6.61889982223511,21.1199951171875,25182694.3005181,22305561.032658,294.136168717047,10.9854137644933,0.062946039391196,-0.155270406532274,511170.415097805,325769.406083862
"121",16183,26.3387099354839,33.2180848531915,25.5037839827027,18.3483872,23.0287236255319,23.4289189210811,1.59709676612903,0.567021260478723,0.0981891900383784,377.10546875,14.7296161651611,0.673095703125,25917875.6476684,20887971.9852652,294.363571428571,11.1918003508497,0.065880072267832,-0.16880792867158,515750.220650728,329418.564103899
"122",16237,6.80000003736842,10.1058824290196,7.09166680979167,7.84210531578947,10.3254905960784,8.60833325020833,0.662631580526316,0.305686272156863,0.1495833319375,1017.02618408203,15.9181299209595,0,29400310.880829,19635594.8562209,298.953133802817,11.8209828105113,0.0922220911627863,-0.130610167219173,87471.0294741982,223207.075643361
"123",16391,16.8055558888889,27.234507543662,24.8214282857143,17.0166667333333,17.447887171831,18.3071426571429,2.66500002944444,0.442887316295775,0.151428577142857,364.816040039062,7.8612265586853,3.20938110351562,28085932.642487,14477941.4582384,291.063287197232,9.25654671641727,-0.0549421504357125,-0.16935603861093,494284.167551239,95606.0791908294
"124",16826,27.2000008,43.7560975609756,22.41999968,20.2999992,30.3756091609756,24.53999976,1.62,0.815365846219512,0.1279999986,554.997375488281,6.96979188919067,3.19287109375,26783419.6891192,19588484.2983453,294.93294938918,10.5483124553895,0.0577498889617023,-0.167859386665665,388613.483483805,248863.521358626
"125",16985,46.0999985,40.1739129086957,17.8999996,36.2000008,29.4195650913043,18.1000004,2.28999996,0.78510868051087,0.25,1008.56146240234,9.59578704833984,0.01068115234375,23720829.015544,13134711.7721297,298.696167247387,11.9539655382912,-0.105412312969307,-0.102788122673656,101055.039246495,223963.954259743
"126",16994,34.7000008,34.1138888444444,39,24.3999996,24.1777779333333,27.6000004,1.59000003,0.740555569972222,0.180000007,412.388977050781,7.16835498809814,5.47869873046875,26323756.4766839,17997806.7966237,294.317548161121,11.0359688616261,0.0137849339351243,-0.114782230973658,504500.692269098,314160.927852505
"127",16995,40.19333353,40.5,37.9999990625,30.02333316,31.2000008,28.8125,0.9529999968,0.370000005,0.0712500005375,414.092071533203,7.88618516921997,7.35711669921875,26323756.4766839,17997806.7966237,294.317548161121,11.0359688616261,0.0137849339351243,-0.114782230973658,504454.566731199,314160.294102259
"128",17003,35.0499989388889,33.963291013924,33.5999985,32.8777779388889,23.9544301974684,21.1000004,3.83722222388889,0.30405062604557,0.0299999993,447.493560791016,6.93583011627197,19.327880859375,34825647.6683938,19863208.9642801,294.484833625219,10.7815343323662,0.00972697148098438,-0.0767769785044684,493477.29016473,304016.31589743
"129",17008,30.8892862,30.6580640725806,31,26.7035712428571,20.230645083871,18.5,2.52642861964286,0.441935483516129,0.0700000003,428.718811035156,6.91726636886597,11.3226013183594,27999274.611399,15034389.4271258,294.231713286713,10.7942891044138,-0.0247635070779124,-0.154544521762274,494451.900355558,302670.268686512
"130",17034,14.6000004,14.8506172790123,14.8499999,14.6999998,15.9679012049383,15.4000001,1.02999997,0.516419756469136,0.305000007,1012.30682373047,7.86671113967896,50.9556884765625,16841010.3626943,7124749.7847992,300.576811091854,12.8150165639937,-0.134334053723483,-0.1524587427941,82361.8564518861,193253.899646141
"131",17035,12.6000004,11.6000004,9.89685026354331,15.8000002,14.6000004,13.2055118456693,1.17999995,0.99000001,0.210866138330709,1001.93664550781,6.35386180877686,44.5070190429688,16719715.0259067,7001191.85932269,300.267404844291,12.8985084185474,-0.136460513074492,-0.15210894653818,82306.128300364,193626.711917426
"132",17098,18.5,21.0031741714286,17.4071426257143,15.8000002,18.7396831809524,14.5428574628571,1.20000005,0.591111102714286,0.0585714266785714,1071.810546875,9.9584321975708,0.6041259765625,25299274.611399,16057729.8129335,296.734337568058,10.816432341851,0.0621001001936722,-0.126499518674272,62505.3237456421,254462.498614922
"133",17107,20.7184211368421,20.2750006625,13.1000004,19.1789472947368,19.4781256625,12.1000004,1.20368420421053,0.45218750484375,0.209999993,1061.576171875,10.1866054534912,0.1063232421875,29366062.1761658,22995009.4650431,297.196457564576,10.7093943245867,0.085808495063927,-0.129539859649884,65373.8689146054,252730.646228353
"134",17109,23.1555556222222,25.2469699878788,13.0465189613924,19.5666662666667,22.2303024969697,17.9370252955696,1.16222218827778,0.471363624969697,0.111598101777532,1033.52075195312,7.55065727233887,0.71728515625,26783678.7564767,20928178.4053621,299.348,11.6329989003109,-0.0151182901891075,-0.0966485788179019,103720.933585125,149657.287701629
"135",17242,20.8000002,33.942982122807,8.89999962,15.7000003,21.4254383521053,8.10000038,1.000000031,0.382456140885965,0.0900000036,452.726959228516,6.8633770942688,1.10049438476562,23691658.0310881,8661929.53202798,297.963630017452,10.6800486865365,-0.0706771836931643,-0.0698515176200958,420614.778754678,-36880.6994655787
"136",17244,4.726666768,17.9294115019608,0,3.83333341133333,11.7470589345098,2.27380955952381,0.3820000054,0.270980398529412,0.0499999989,484.722503662109,8.4102144241333,0.244659423828125,28972590.6735751,14118076.5962461,297.565996533795,10.1355916182222,-0.0831979138231636,-0.0701726467587089,395811.373998267,-18564.3544532853
"137",17611,22.3333326666667,38.6022990448276,30.3414362828729,20.6999994666667,26.5015324965517,23.3187847116022,2.52000006333333,0.271417627103448,0.126795579149171,370.637298583984,7.97124767303467,3.08877563476562,26988601.0362694,22289897.3822345,294.405483304042,11.1273048642703,0.0577943716177217,-0.170100851143738,519924.765366923,324574.815436708
"138",19164,6.19999981,15.9900664816556,4.06986303972603,5.5,9.90397355066225,3.26986301438356,0.550000012,0.294503307847682,0.0254794515178082,426.762481689453,8.52973461151123,0.338592529296875,29341269.4300518,11691918.0742294,297.358153310105,10.3598542547132,-0.084525705618918,-0.0316368745310873,445412.657871043,-37579.4945695109
"139",19166,16.2971430742857,19.0870589011765,2.93333323333333,11.95142852,11.5176467764706,2.63333336666667,1.00028571431429,0.337058822611765,0.0266666661,440.218963623047,7.55527544021606,1.65866088867188,29186010.3626943,10685584.3486737,297.266770833333,10.453132669101,-0.0946671457601316,-0.0402583279117781,434428.973983341,-37326.2642156176
"140",19167,9.10526310789474,26.5941175419118,5.56799988653333,8.43684186526316,19.9926470994118,4.369333324,0.732631589052632,0.239117646529412,0.0299999993,437.744995117188,8.89403820037842,0.006927490234375,29611243.5233161,16869812.3226159,297.316284722222,10.7039538285631,-0.00372245442680009,-0.0945062604836888,434481.259807912,-38127.8286625765
"141",19168,10.8807693184615,35.0897058882353,15.9406975537209,8.50192313538462,22.3720587529412,10.806976722093,0.812692307269231,0.678676458647059,0.150232553647674,436.163940429688,10.0629749298096,1.13876342773438,29806113.9896373,14761568.6502331,297.307130434783,9.76283009722833,0.013791523470479,-0.115805465777454,434796.596681763,-43261.0405796072
"142",19263,24.6739126086957,29.9983614590164,30.4821429285714,19.9956518086957,22.7131151147541,19.7446427285714,2.01869569086956,0.762786882196721,0.0655357124553572,445.872222900391,7.7685489654541,9.88204956054688,29435077.7202073,14677237.9693704,295.094834205934,10.7713052423818,-0.0127960963056283,-0.119251077754354,498858.408731559,245357.467855949
"143",19707,28.0166672333333,23.5859920151751,18.8999996,21.1000000666667,23.486381463035,23.2000008,1.15583328166667,0.233385213237354,0.189999998,692.250854492188,7.96806144714355,6.15093994140625,23694093.2642487,11269290.9158972,299.107638888889,11.0729096124291,-0.089590284850883,-0.111496113361994,241636.379782101,122498.623826786
"144",21109,27.8815390153846,38.7979592326531,32.9000015,21.8984617169231,29.3673467755102,24.2000008,1.76107690230769,0.583673453653061,0.159999996,372.646667480469,8.40323162078857,1.469970703125,26864870.4663212,22137772.1074023,295.297415929204,10.6150916776504,0.0563038753858765,-0.16124107751586,526047.028492974,281151.716881241
"145",21117,29.1000004,39.5,40.4000015,23,31.6000004,28.7999992,2.45000005,0.689999998,0.610000014,424.965362548828,6.68253707885742,14.4534912109375,28456398.9637306,13282816.6014963,294.153982608696,10.4075077748384,-0.0700337249995219,-0.165450544137209,488914.869594168,278549.140876703
"146",21335,40.0576928846154,30.1425204393701,25.172340093617,29.9153838923077,27.488189496063,24.8148932170213,1.26615385307692,0.258976380755906,0.121702124319149,454.51708984375,6.64629411697388,6.03738403320312,30912875.6476684,15783622.0316011,294.541116928447,10.9024343279272,0.0167283110988849,-0.137873754732975,479633.813073642,284819.45668939
"147",21336,36.4904757714286,36.4848841360465,27.7999992,26.747619752381,28.7116276837209,26.1000004,1.71904762952381,0.340000000244186,0.119999997,460.0107421875,7.15543603897095,11.5088500976562,27274196.8911917,19661662.5977202,294.468216783217,10.8740805099632,-0.00814846906933286,-0.120178155008498,479569.658717753,284680.20280866
"148",21337,30.6870964258064,30.7906250166667,29.1000004,21.5870972193548,22.3218743291667,25.6000004,1.55290327087097,0.301666669197917,0.0700000003,445.477264404297,8.65443897247314,0.444854736328125,30813730.5699482,14152546.467023,294.468216783217,10.8740805099632,-0.00814846906933286,-0.120178155008498,479077.215281948,284779.763013038
"149",22944,41.4000015,39.4363643772727,33.0558131534884,29.5,29.5803035030303,26.4162787348837,1.73000002,0.48878787369697,0.221860469604651,439.443756103516,7.00287294387817,4.66912841796875,25435906.7357513,17427946.7263867,294.698108581436,10.811594455115,0.0146965668608454,-0.137289210351312,505286.795076975,238547.294872782
"150",22945,23.8999996,40.0275365086957,30.5943660112676,19.7999992,32.6246382376812,27.6000004,1.75,0.629130440043478,0.123943661901408,449.871917724609,9.08654594421387,6.387451171875,25132720.2072539,19780310.1655053,294.929407665505,10.8784253235191,0.0396537864749956,-0.185899837789475,505279.616146601,242326.787113972
"151",22946,29.9173919304348,43.8303041272727,34,23.4173915826087,33.3545449939394,28.7000008,1.86260862391304,0.557878785212121,0.129999995,426.263214111328,7.28071689605713,11.5279235839844,25614663.2124352,20026854.3610964,295.409495652174,10.5664432151532,0.0326938184684738,-0.170354055232301,497140.385622501,199490.418361837
"152",23818,44.7999992,47.5999985,34,32.7000008,34.5,28.2000008,1.69000006,0.930000007,0.170000002,370.640472412109,7.84757614135742,6.65509033203125,24791450.7772021,13132839.2383828,294.385669565217,10.5248478778695,-0.0246087737679646,-0.10672569851746,501377.033031874,270261.471916354
"153",24675,12.8000002,12.7862068,6.0999999,13,6.26551743137931,3,2.93000007,0.290344834275862,0.140000001,424.169342041016,6.061363697052,15.8444519042969,26858341.9689119,10494595.806409,297.348062283737,10.8300236464788,-0.0896970195380045,-0.105923162103118,412961.050843642,61957.3338962845
"154",24761,45.4000015,59.0201613830645,56.6696979818182,25.2000008,28.7024196483871,28.9696968484848,4,2.08233867451613,1.37636366939394,869.606506347656,13.9203634262085,0.0302734375,20249481.865285,9770481.02557386,299.911762652705,11.0874103239584,-0.0419711902695456,-0.0414914681930427,158741.469110982,-22.9806010703729
"155",25204,22.4137936551724,23.6014089126761,5.5999999,16.6827588689655,14.8450703661972,4.5,2.96275860137931,2.9249296215493,1.64999998,690.573669433594,7.34366464614868,1.64892578125,20709196.8911917,8671174.76590533,299.322006920415,11.6540866651983,-0.116802429727995,-0.128685900903536,260828.858482312,82643.6549060507
"156",25205,28.7777777777778,36.2999992,44.2102557128205,19.7555559111111,20.2000008,7.75641028987179,2.33555560444444,2.68000007,8.42153857371795,689.689880371094,8.06637954711914,11.9735107421875,23926709.8445596,10506794.5760657,299.50543554007,11.5271468524054,-0.105201682692598,-0.0893520770794968,258904.909028248,65610.4994292028
"157",26058,39.6279062790698,47.2694443611111,31.8481483716049,29.2325577674419,24.8388883,15.5901231259259,4.8667441444186,5.20277777638889,9.00629620728395,486.126892089844,10.1552810668945,1.9578857421875,28565336.7875648,13605759.9153187,297.923784722222,10.5233232103788,-0.102006930362586,-0.0266797588581518,380808.92469929,61452.5373403133
"158",27263,24.7333329333333,34.2944953981651,26.8999996,18.838095447619,25.6183489321101,24.7000008,1.63333331904762,0.433211001174312,0.100000001,501.982788085938,8.26414775848389,1.07916259765625,26408445.5958549,20031371.4132217,294.061048951049,10.8532252843524,0.0688722250113302,-0.16485462966211,446601.23322529,317770.650820282
