"","CEC.Ar","CEC.Br","CEC.Cr","OC.Ar","OC.Br","OC.Cr","Clay.Ar","Clay.Br","Clay.Cr","CEC.A.res","CEC.B.res","CEC.C.res","OC.A.res","OC.B.res","OC.C.res","Clay.A.res","Clay.B.res","Clay.C.res","CEC.A.var","CEC.B.var","CEC.C.var","OC.A.var","OC.B.var","OC.C.var","Clay.A.var","Clay.B.var","Clay.C.var"
"1",0.386277963434627,0.246519298192077,0.398063127664469,0.622686387935543,-0.58822025262966,-0.76370698527853,0.263602912069636,-0.185486388601436,-0.115535099917417,0.102921463398842,0.041219162402961,0.32599013559278,0.608625222321332,-0.59411771979084,-0.766055800300437,-0.0125113322117327,-0.271429151755593,-0.0802380905330025,0.113410694550092,0.183442975448219,0.257722971653801,0.581061616569418,0.541043435866991,0.557192715699858,0.490034702111513,0.248735610796746,0.473127171667894
"2",0.0170550257391011,0.678040426236118,0.686890551539585,0.58407450798872,1.03159496468837,0.705483929931156,0.159852268025256,1.04987333697188,1.57269434964237,-0.239439420168802,-0.273925446966272,0.0633265763959913,0.0424321547695306,0.376060751736934,0.433536164122361,-0.136394659520199,0.0588694742717159,0.552844728863656,0.152491461753055,0.246656521992052,0.346533039328761,0.781292590004611,0.727484341177463,0.749198583363728,0.658898248804054,0.334448678150731,0.636164466578225
"3",0.60387247801705,1.24182283464923,1.37459973133326,1.17496071151282,1.17249655870834,1.26220570275342,0.854794357280372,1.44592372390565,2.07605177712946,-0.149485616734685,-0.109084450634096,0.459798492577881,0.568609641147057,0.53529893412204,0.99799901147797,0.086532374821701,0.278680838631293,0.885001757785633,0.151824537614018,0.245577765275601,0.34501747087499,0.777875592869592,0.724302675382373,0.745921949941543,0.656016545512309,0.332985960866998,0.633382189890198
"4",-0.566060810416353,-0.585126288061809,-0.489590785543061,0.177618778695576,0.387081206807369,-0.106494947765686,-0.39111823261339,-0.165298982845875,0.153330275593558,-0.336568800297026,-0.281260287502896,-0.341041404281701,-0.0924265102370274,0.321673178503841,-0.134745496714942,-0.272946264160397,-0.321338284736685,0.146015468188851,0.121351325883912,0.196287029041153,0.275767858093108,0.621745575853105,0.578925458165205,0.596205455678343,0.524345266257883,0.266151232778118,0.506253928003628
"5",-0.771977409078606,-0.898768527643283,-0.87288173217724,-0.143168132757242,0.157260197989145,-0.135299184575371,-0.639926255544203,-0.558938153786645,-0.2996902293911,-0.44302633050805,-0.604853735515957,-0.705577450440256,-0.389184682336258,0.0349987361166474,-0.18680100209906,-0.388251541463962,-0.655530193860285,-0.317802214007113,0.114716238174654,0.185554705810309,0.260689786942964,0.587750591467235,0.547271735685708,0.563606920290704,0.495675807508968,0.251598966780636,0.478573643581572
"6",0.183242829430391,0.60646069371044,0.694740909385245,0.279490245357054,0.459606230171395,0.0399703883337413,0.322113701044055,0.848510440495756,1.23625190712743,-0.326185585078564,-0.117419557002355,0.11971508212282,-0.0420170420291834,0.145394497552713,-0.0910267952569054,-0.303810127317022,-0.00784366923607382,0.521027095715934,0.124918934343695,0.202057672750664,0.283875159239616,0.640024278290752,0.595945291670028,0.613733303948261,0.539760496327459,0.273975814691208,0.521137290696111
"7",0.451610213005823,-0.0967787109712787,-0.480568748367864,-0.359466199328445,0.115887627779523,0.132592652468767,-0.00730685670337893,-0.535291804702814,-0.528167909000405,0.227646437971015,0.0436201890639752,-0.0918516156115591,-0.0738643814076099,-0.0803427892882076,0.0540358903121554,0.075554833236024,-0.0772819861885871,-0.201316139796347,0.133484671060694,0.21591284078844,0.303340582054165,0.683910975604729,0.636809476855407,0.655817219598798,0.576772069681562,0.292762435853165,0.556871864073366
"8",-0.441574739176003,0.0598888722684186,-0.285441062555937,0.398394484332049,-0.0774541265318724,-0.294516280590618,-0.564673896454937,0.139507467149385,0.18158783932133,0.0450496195223203,0.369400123770296,-0.103248868160093,0.0992772146640766,-0.212426433433494,-0.351261261344013,-0.134687707963301,0.0684548488956564,0.181516901544922,0.113395402116478,0.183418239778138,0.257688219980242,0.580983265526484,0.540970480923378,0.55711758316805,0.489968625246532,0.248702070989668,0.473063374634528
"9",0.159544028434357,0.241439025375899,-0.238170028473174,-0.184036645260792,0.114148170385632,-0.278303632062955,0.350996127973009,0.508046953756012,0.0770773398410451,-0.484478632614422,0.00422670326745064,-0.241701583353395,-0.225766016410726,-0.14922119271053,-0.388410308204789,-0.504747761426152,-0.206740673749596,-0.0811277512342618,0.114213193739035,0.184741026214933,0.259546631023355,0.585173234771492,0.544871883617777,0.561135436483002,0.493502209761985,0.250495675195585,0.476475040870494
"10",0.479850472854,0.311969794478138,0.0430510430761716,-0.63154727369477,0.0557943694969857,-0.304400656044299,0.650673650792118,0.501430254626032,0.11713882168154,-0.285341089243652,0.0163343966153146,-0.126396239219105,-0.592447607659619,-0.0807244733349386,-0.362192160651073,-0.36601202911384,-0.257686593760429,-0.0962834952230106,0.114402753653645,0.185047641344132,0.259977401196255,0.586144448208261,0.545776208804307,0.562066754327661,0.494321276576248,0.250911423475149,0.477265847651257
"11",-0.000568156147958188,0.358098697280689,0.490699034468337,0.170389182889816,0.0941103364589543,0.204921727660289,0.0170888601167799,0.448141620819485,0.218799864635248,0.115675263659619,0.522865412159036,0.236839622643033,0.27953134852993,0.554495998341484,0.394088897446965,-0.0522501457445006,0.433829647913537,0.283227560373413,0.145864082078795,0.235936666587813,0.33147248449569,0.747337097866749,0.695867391083103,0.716637917958014,0.630262095596988,0.319913317638226,0.608516338566214
"12",0.362439407023043,-0.205182697317373,0.0132721239049922,-0.354621589045119,-0.112813607626539,0.00381134176309979,-0.0296387046713805,-0.381584392942565,-0.505238218623622,0.282053193207824,0.0435854416978404,0.431268032407213,-0.0402691283158467,-0.325852133658001,-0.0818543768626507,0.168957774780433,0.0389802352950563,-0.164020145125164,0.125310830967234,0.20269156960647,0.284765734531482,0.642032167286628,0.597814895736428,0.615658712701021,0.541453837029907,0.27483533368465,0.522772206537309
"13",0.297955314888735,-0.517047757523933,-0.882019015952819,-0.449610894262719,-0.0176185136685522,0.0305348782584991,-0.0302528815461928,-0.621720264979577,-0.799601398916681,0.195554415279325,-0.0183194802015772,-0.226748762803177,-0.0491684542431757,-0.218928803848112,-0.0504176944068775,0.102730163681999,-0.102756575593877,-0.278636798710194,0.13853694557322,0.224084947246616,0.314821749735436,0.709796389738263,0.66091214170588,0.68063931038365,0.598602372772051,0.303843230233019,0.577948962314268
"14",0.435912775690873,-0.000558242770795747,0.50684975835835,-0.336581738366394,-0.113398379964507,0.922132693926581,0.913497087625127,0.750510396158382,1.45417047431391,0.837389263386752,0.709592916464759,0.954314866004217,-0.28483909186311,-0.0971704259018905,0.928770652753369,1.3053495099609,1.03343678420961,1.73675815460764,0.12858499129427,0.207987557915763,0.292206182123327,0.65880738324031,0.61343478908023,0.631744834838754,0.555601111119791,0.282016316677678,0.536431361181084
"15",-0.287810240902144,-0.553763804685699,-0.426390939535967,-0.032158952263381,-0.239532138037734,-0.069253515665855,-0.252649393303614,-0.351721165077492,-0.0070141031101244,-0.042799236491877,-0.0624003945652354,0.0766897088461943,-0.0371221362546509,-0.388968726617018,-0.130906736973754,0.015786972859759,-0.169833983135194,0.344925492693753,0.124174525489224,0.200853583702837,0.28218350870471,0.636210286902341,0.592393972934957,0.610075984038005,0.536543990400067,0.272343155691684,0.518031762974251
"16",0.110058783442005,0.00842150425801269,-0.0836196115635228,-0.315189372044992,0.397687752323572,0.598796612957775,0.0949192991121027,0.158764640467142,0.061588869293278,0.0342072852457997,0.611532065715074,0.342152903837001,-0.0469206053409826,0.583151850324333,0.674603871007221,-0.179728543619813,0.1975097360271,0.502155776172034,0.108887003209422,0.17612585775633,0.247442996032566,0.557884407279773,0.519462459615431,0.534967581878963,0.470488346740317,0.238814120295858,0.454255218736109
"17",-0.298730366404517,-0.632202509597121,-0.422574614860881,-1.01165850736541,-0.115431449262374,0.51761526702761,-0.209048527957967,-0.612100139218488,-0.348973734254179,-0.419911718035236,-0.000432869778654714,0.0651002263697517,-0.612546460770687,0.0333668178009216,0.57827525805094,-0.564380245988876,-0.585130549463656,0.0643663421968716,0.10681878965682,0.172780500870396,0.242743032374766,0.547287880073473,0.509595723757358,0.524806339761605,0.461551831395157,0.234278054598481,0.445627037483631
"18",-0.285536486429348,-0.442149357393102,-0.58265575768174,-0.303761758920674,0.701883241084994,0.836696776655898,-0.406423469826392,-0.402536041086678,-0.195486169193183,-0.187067407414064,0.157263992436992,-0.0913345560514848,-0.1569041674663,0.722312016946653,0.844441667860281,-0.450070305346523,-0.351645768358026,0.180156265609453,0.110189427707184,0.178232542898451,0.250402723183959,0.564557401278547,0.52567587915247,0.541366462035559,0.47611597474591,0.241670635320767,0.459688678264613
"19",0.337805691769261,-0.170424364642582,-0.0982027293267592,-0.458388238987316,0.0734347322844995,0.664791129165736,0.674750367214001,0.46833786891877,0.924957585231887,0.338632195291244,0.166877451940155,0.358437826236017,-0.364337080862687,-0.165338232059638,0.566347868738075,0.683213223273326,0.498705093267419,1.16621074425776,0.13331659997024,0.215640984055334,0.302958644697616,0.683049860522899,0.636007667461593,0.654991477479043,0.576045853630502,0.292393817483379,0.556170704451859
"20",-0.427530898580797,-0.337076323451951,-0.084021197611738,-0.470251759961256,0.0174659235661914,0.340493091558636,-0.349761632074752,-0.164386164871135,0.0078177516769406,-0.0485064731746904,0.42721465239027,0.294043890559848,-0.151311026451694,0.287998936648067,0.451525543242376,-0.154577251114338,0.0366579276089617,0.394723076223768,0.127683306158121,0.206529072850057,0.290157125165283,0.654187584155877,0.609133159273027,0.627314808272827,0.551705032281336,0.280038714794751,0.532669707662485
"21",0.434620441744105,0.955670788917306,1.08505914974769,0.537275762464588,1.09180224464166,0.667252758328489,0.542860545969722,1.23695714125689,2.09350540900086,-0.0737158208812276,-0.0191371845406021,0.435644409747416,0.0847950385464038,0.550915079379141,0.442758300477364,-0.0239407438988486,0.251662348070914,1.13390443296364,0.116377937345562,0.18824252146491,0.264465956818473,0.596264335345886,0.555199131178448,0.571770935839563,0.502855820482566,0.255243453395198,0.485505926573163
"22",0.342821610915631,0.654891729930946,1.05544916491601,0.420773423166604,0.839562015175109,0.83314471011571,0.869261536551434,1.21743284334565,1.83925163814037,-0.341771200572308,-0.405322895449324,0.365375576823815,0.0443535893984328,0.289310640304393,0.604776528670317,0.0994991457320207,0.152201805565127,0.87529894298205,0.114384929399979,0.18501881042884,0.259936896024845,0.586053125342366,0.545691175417609,0.56197918283059,0.494244260005012,0.25087233080721,0.477191488361266
"23",0.544463366626494,0.617305522067201,0.749671845778799,0.09644686027734,0.359386702863939,-0.00311384678036758,0.612689182246743,0.875412707887806,1.32312170504329,0.15292979644855,-0.136781562890787,0.240174445982423,-0.184205563473077,-0.110281129253989,-0.198220544454496,0.116456912203406,0.00802896592447456,0.506241943127568,0.105302033742374,0.170327132437389,0.239296242430526,0.539516755427021,0.502359802713235,0.517354438065941,0.454998101734475,0.230951461720215,0.439299429326752
"24",0.59759759639395,0.586527861835937,0.478675580293994,-0.0800400571174177,0.313789475286977,-0.189812151800611,0.665561791948642,0.753337667729467,1.28240267515244,0.332689506398614,-0.137272002929748,-0.0303470489063923,-0.357036631058253,-0.143719681130759,-0.37989600269155,0.299369184994201,-0.0832436834210968,0.46614344493061,0.105299545309425,0.170323107371267,0.239290587528783,0.539504005898611,0.502347931255097,0.517342212263796,0.454987349498949,0.230946004017201,0.439289048072605
"25",0.626758225638019,-0.236993332070384,-0.221617479008998,-0.295932428250876,-0.395568221622681,-0.129175519409723,0.932791110020251,0.638211366788401,0.813829037841416,0.326224229562228,0.069895111859849,0.0700936551731095,-0.0746728116636718,-0.391693891477975,-0.12735211801417,0.598619955387113,0.658415087095304,1.09676276909605,0.126311032102468,0.204309405323127,0.287038666637634,0.647156714762852,0.602586511507867,0.620572753559319,0.545775592286766,0.277029003702093,0.526944849479754
"26",0.122797193553607,-0.727319305668475,-0.377415920209589,-0.175424224671815,-0.387477064706996,-0.0232925354948623,0.306498190289633,0.531434161743396,1.12920929254221,-0.0831374485402221,-0.431283571920726,-0.0213270712559225,-0.00223607582857774,-0.506689564084668,-0.0720323388014963,0.127687794982584,0.609523933789399,1.36702127397791,0.11600259585995,0.187635402716517,0.26361300266419,0.594341266879898,0.553408505983845,0.569926863351403,0.501234012646703,0.254420243608401,0.483940075520037
"27",0.236375405997473,-0.598264443032377,-0.860156170285716,-0.127278253383589,0.064616147670055,-0.241046942447416,0.160839619126074,0.161687992688869,0.586834284784565,0.240999769910415,-0.163928478848318,-0.401827688155404,-0.00242860787037975,-0.09687827997895,-0.307256088443275,0.212507172205322,0.332146411691972,0.826260847912579,0.117694337265865,0.190371811998033,0.267457442768644,0.603008932659021,0.561479222652022,0.578238477983193,0.508543834698197,0.258130619720459,0.49099768882317
"28",-0.895936267388928,-1.05434423628746,-0.823242713787503,-0.336853190742685,-0.26399431426148,-0.0928018809426122,-1.17879576063577,-1.36883572665471,-0.958968581682202,-0.0986473188609196,0.0671271871039587,0.0665362455573252,-0.128209861954297,0.132437433871276,0.0731629963179174,-0.0713883584700528,0.0505426037240663,-0.0493407095473047,0.183578470176645,0.296940080748394,0.417177489770915,0.940567404787967,0.875789771410903,0.901930693110867,0.793221673705248,0.402629602875336,0.765853367871148
"29",0.242763295794132,0.556497615566494,0.774158669912059,0.316941593509321,-0.26315330906971,-0.237146986746695,0.329698458425831,0.394155158387755,0.505388970392782,0.15151107233618,0.00550939609673926,0.249697046773362,0.0430357437692721,-0.330813216322169,-0.26626978711425,0.125825074816011,-0.135270006105561,0.0325926609399538,0.118306441561761,0.191361897049264,0.268848434497652,0.606145059398155,0.564399361821208,0.581245778628646,0.511188667687628,0.259473104540916,0.493551267878758
"30",0.0678481431639841,0.209944516224153,0.231746737403913,0.83447736415799,-0.105866172020513,-0.340428729486363,0.0286540674307023,0.0328111101201943,-0.154025821149161,-0.106795220676942,0.127884932003838,0.286962128985588,0.717999022671259,-0.165805234355799,-0.365132308564492,-0.112511211451874,0.0236869914375479,-0.0869703113315029,0.110652740423289,0.17898195602516,0.251455589763015,0.566931191835643,0.527886184845389,0.543642741812599,0.478117896255353,0.24268678615105,0.46162152803542
"31",-0.0450937220813338,0.0725979981232435,0.160126180392414,0.592135599134265,-0.179006772090156,-0.409649580366628,-0.033687585438075,-0.0597133809854642,-0.182863215932987,-0.0310394254272331,0.177445811330586,0.328631439183376,0.475316991915754,-0.176718912354992,-0.408740586111012,0.00560299234937003,0.0642588508859895,-0.0306048592813248,0.115530545380335,0.186871856166646,0.262540279735727,0.591922708243295,0.551156515425051,0.567607654482018,0.499194336255715,0.253384928862825,0.481970773513815
"32",-0.15228297955456,-0.507094368328546,-0.25073730781309,-0.698690065559893,0.239056970360743,0.657818906861929,-0.420681790394446,-0.866399497033169,-0.54358887192193,-0.190537852759666,0.121365281487785,0.441193425333451,-0.293279852288934,0.363167427678154,0.71159341416081,-0.179734892204977,0.0216322688205399,0.204679654428434,0.129804438401192,0.209960026267033,0.294977345225867,0.665055241170113,0.619252352011177,0.637736042703709,0.560870203264515,0.284690843292456,0.541518655311375
"33",0.434977389923662,0.375254586315549,0.499521268640682,0.479117829768254,-0.101276422573655,0.503823105559529,0.526465596703171,0.266778492966355,0.47721045593767,0.318439888148362,-0.0725368511693794,0.159494203068275,0.0928121908675376,-0.287546000247775,0.425556997322277,0.304145618434984,-0.260182409240717,0.0360359717070286,0.121911596023498,0.197193271806602,0.277041057996131,0.624616129413463,0.581598314393957,0.598958092383725,0.526766129757955,0.26738003342989,0.508591265126586
"34",0.0854653398925072,-0.442164629651192,-0.0811040115155637,0.290373085727572,-0.658219308712489,-0.650585656074876,0.19448603880152,-0.224491038850929,0.239638978863279,0.178635847404739,-0.898769566404265,-0.578251334557702,-0.0618406195908829,-0.71948458014658,-0.677103704130804,0.19611082643714,-0.671643600996742,-0.315984996654731,0.102375608568992,0.165593609348042,0.232646014292882,0.524523166429434,0.488398834244649,0.502976757053423,0.442353351662368,0.224533141509412,0.427090957534275
"35",0.806791760863085,-0.190694895178059,-0.0181703559433498,1.02212432153146,-0.61215170803171,-0.742512910552072,0.615901660216045,-0.109601255794911,0.262444359991884,0.517514198043319,-0.797776104465727,-0.412443561990888,0.701577472336086,-0.731035672763417,-0.792596173665383,0.250527716135435,-0.587860327156762,-0.0609997660407171,0.102496058270146,0.165788437989726,0.232919733231291,0.525140292515693,0.488973458361182,0.503568532779312,0.442873801110793,0.224797315272791,0.42759345006076
"36",0.263399765403519,0.798964484010564,0.914460171466895,0.55205728277098,0.150140961744915,-0.274247471393447,0.257843739805716,0.640748541237298,0.273776417603414,0.212936094558202,0.498103239634881,0.440471931997053,0.485445923902933,0.366642446612262,-0.185443095995532,0.123312434851733,0.465020632053389,0.0116654972473209,0.10936186805573,0.176893956573538,0.24852211453907,0.560317385371851,0.52172787655021,0.537300617880147,0.472540183689442,0.239855607591751,0.456236261728126
"37",0.284046873366613,0.464426141145928,0.910429799100765,0.347860512661819,-0.495329459731654,-0.373559245488256,0.308882970567277,0.199357794767157,0.243440114478905,0.303484335425705,0.156823921581091,0.352430606899754,0.189155859240515,-0.261717961023631,-0.277757761706921,0.259507535146368,0.015594631815779,-0.115286537367267,0.126347953113978,0.204369125442424,0.287122568714424,0.647345880191373,0.602762648961239,0.620754148433508,0.545935123774945,0.277109979930884,0.527098876697559
"38",0.331267921476715,0.315853934560452,0.484582270592237,0.318050011288023,-0.199265916485324,-0.212253167801617,0.358751019201016,0.192739925451844,0.393338154411658,0.260464499313593,-0.0599913961866484,0.213476544104253,0.102638368455768,-0.371447667250134,-0.284485694721108,0.172310003761969,-0.237159235357036,-0.0121023659487282,0.115505840697562,0.186831896085866,0.262484138960965,0.591796133382198,0.551038657876402,0.567486279074346,0.499087590133474,0.253330745839048,0.481867710423211
"39",0.24918253726102,0.408315921381708,0.758672332862496,0.183105419019467,-0.515922341033531,-0.150724296001657,0.301449825339016,0.104868391922127,0.389064393491893,0.135217006919409,-0.0700748943013002,0.231995555557281,-0.0467345022125102,-0.464989077195889,-0.130741763074267,0.0792709745877131,-0.299577374450453,-0.00399262309413921,0.115325731734091,0.186540567968222,0.262074845838555,0.590873342053853,0.550179419928757,0.566601394250425,0.498309359803328,0.252935725658488,0.481116331156762
"40",-0.184729738073003,0.0945376248430156,0.283382640245371,-0.331283692190318,-0.70652568408492,-0.573986941454718,-0.0234614539936217,-0.140201715491198,-0.539964290195964,-0.147066708895506,0.258755931425591,0.209524984882738,-0.0174340402633157,-0.284438623108867,-0.399553371929854,-0.0589582545821277,0.12711329780256,-0.317251891351331,0.122859538207695,0.198726578127595,0.279195232940888,0.629472927267925,0.586120620675353,0.603615382263085,0.530862080035791,0.269459087606586,0.512545893976124
"41",-0.223511720000621,-0.0814032119389597,0.185253068014484,-0.14458663343206,-0.744691453640942,-0.449179329776489,-0.192853044808185,-0.443584620536197,-0.45070098716443,-0.0146030074289064,0.172892726346824,0.22863876796357,0.105003515782532,-0.385364806497654,-0.300711626446678,-0.0399489729730334,-0.12331518475098,-0.171579313817969,0.120549056413403,0.194989349846389,0.273944720752956,0.617635134617314,0.575098106322087,0.592263863513957,0.52087875119461,0.264391672204379,0.502907017141268
"42",0.000265545974478254,0.231518307445919,0.55188174507207,0.12121513593721,-0.629611333606629,-0.408356716695144,0.0961023717828459,-0.00179071960078489,0.0222640778485189,0.290331880806101,0.137076597453511,0.230457567827662,0.0201797955027299,-0.447040898345238,-0.333572432924036,0.322828710893508,-0.0304071193671428,-0.211236045785278,0.1405549938737,0.227349161316611,0.319407714110346,0.720135894424692,0.670539556391669,0.690554087975116,0.607322129772881,0.308269272050578,0.586367863975023
"43",0.170983347527315,0.443843659431726,0.717135136008989,0.0647701336949673,-0.422417449700352,-0.541667779219565,0.342178644455828,0.245202623828941,0.00496745529477532,0.181369015064183,0.32797632494598,0.338153451046352,0.0567493887620512,-0.0896053623774761,-0.404708761198686,0.270892573684094,0.243258244733849,-0.141623362789515,0.131048735545267,0.211972689811298,0.297804979417363,0.671430418686631,0.625188465926535,0.643849340110048,0.5662466695912,0.28741987172643,0.54670961892222
"44",0.153045986430917,-0.355946224205385,-0.300811728364397,-0.73382224545513,-0.0976500542519995,0.111987111290058,-0.167056080941617,-0.800370622715833,-0.929094754672912,0.186633743625502,0.214717725028066,0.511691730586602,-0.438561742600508,-0.14046006839663,0.0965421645154625,0.137448988238201,-0.0584566405772184,-0.0368132655120133,0.131959954079358,0.213446595247116,0.299875700784195,0.676099062297076,0.629535576297974,0.648326204762195,0.570183941157023,0.289418382533068,0.55051104390702
"45",-0.621688000435177,-0.760927075683001,-0.428586276659624,-0.599950184036627,-0.283701511124274,-0.012474740450023,-0.967473253075189,-1.08041312415606,-0.984824249924462,-0.0710280501568912,0.0798057118604197,0.453234827564061,-0.296251728054965,-0.232157202192199,0.010942522511589,-0.148574595568454,-0.123042328953796,-0.0815096479363545,0.134957668846769,0.218295429994672,0.306687932744263,0.691457904738489,0.64383664291205,0.663054135305021,0.583136725450348,0.295993057140471,0.563016921902027
"46",-0.198310268399227,0.168430831388409,0.297463520939533,-0.34295734750205,-0.522625521742782,-0.385327740096156,-0.135466975793549,-0.153745687179369,-0.361462881733675,0.00679596779681938,0.321088962411875,0.241099082538773,-0.133675734048511,-0.181939272876938,-0.24448214322337,0.0362215649734331,0.139231449177789,-0.20590617667738,0.147231942808146,0.238149195513646,0.334580913849512,0.754345355507632,0.702392984385671,0.72335828976695,0.636172466110958,0.322913349296173,0.614222785217306
"47",-0.0646014091489848,0.117045975171104,0.291968748393401,-0.24838479582778,-0.534828038504698,-0.408497784748151,-0.000681478578938112,-0.14364896244005,-0.372331543755235,0.0429791707492386,0.222661337862331,0.204464990236038,-0.0794869034517883,-0.155263389889257,-0.251826567168875,0.0438859254950106,0.101981846221946,-0.210629861567259,0.161366959535615,0.261012731768175,0.366702386430483,0.826766353390432,0.769826289918329,0.792804371444572,0.697248264463707,0.353914676228144,0.673191302360035
"48",0.870076701304981,0.151244576143026,0.131559839236413,0.21262662251233,-0.141425515903426,-0.439184083624899,0.971079927287313,0.256449351462497,0.422513570502103,0.517628552519256,-0.463883491827315,-0.259743834462111,-0.0499588645124291,-0.338937023240916,-0.522065722545357,0.476917668797618,-0.378878207982649,0.000187730288060008,0.105352004459334,0.170407960590682,0.239409799637115,0.539772781242691,0.502598195825137,0.517599946830338,0.455214019514513,0.231061058939898,0.439507897355938
"49",1.01334590018819,-0.0456121843645944,-0.0690245619559849,0.665651723923234,-0.306217639955968,-0.676529342552883,0.937535004415962,0.113063135384983,0.432187018674213,0.634972237727573,-0.598897039375647,-0.355072196142776,0.330654345920707,-0.526310770042897,-0.768571891706372,0.461427804500909,-0.429338305589037,0.0551003863607591,0.100869692633293,0.163157774693157,0.229223857929687,0.516807580597906,0.481214627012613,0.495578112744295,0.435846460315989,0.221230323185616,0.420808571642424
"50",0.494319099250263,0.276080013006988,0.427858489947132,-0.00201070179322532,-0.118345143162991,-0.461264341274638,0.763008444305097,0.379958561076126,0.389072064769622,0.218170564782975,-0.515253112985583,-0.159569806183289,-0.274388332257193,-0.288178684907501,-0.532499204557295,0.383040663255849,-0.276032894840846,-0.124153568867933,0.110480496969405,0.178703350450904,0.251064170814749,0.566048699579031,0.527064470540008,0.542796500651553,0.477373651896833,0.242309016833284,0.460902962132109
"51",0.454468488854219,0.228117361616747,0.487138780721477,0.163030807186544,-0.441172609134755,-0.597754319763778,0.752873582843671,0.295378152958023,0.386849735015795,0.235621755692958,-0.444400964596836,-0.150052910844927,-0.0982456083775992,-0.465487477116461,-0.60895107090274,0.416380469462934,-0.276005137537835,-0.138313465894414,0.118107320272936,0.191039816298043,0.268395936340585,0.60512485809847,0.563449422605266,0.580267485248869,0.510328287263713,0.259036385979275,0.492720572920275
"52",0.595055959840041,0.872567311334314,0.827286320622667,0.494995374701412,-0.120453339129458,-0.0206856602754407,0.713434861836337,0.613356473788109,0.772648090525211,0.478947676459832,-0.0537284226734421,0.0751285635269278,0.128880150660802,-0.370064272887327,-0.124939942019921,0.514390638000711,-0.126871063668717,-0.0182163286130001,0.128931052646756,0.208547315744948,0.29299259790617,0.660580434447747,0.61508572882549,0.633445052490677,0.557096402833249,0.282775308430841,0.537875061262239
"53",0.2041723544346,0.740037106783037,0.323796193016374,-0.103611909119505,0.10057136896851,-0.0585602360215251,0.418539978708207,0.684472170395778,0.556182247135472,0.120046974704803,-0.0200681537801026,-0.0115269974065318,-0.188785752386126,-0.392160161830468,-0.263287211616355,0.175642928401339,-0.0548793493946358,-0.123190934883241,0.126627524121839,0.204821334449118,0.287757886849278,0.648778266990679,0.604096386130048,0.622127695520219,0.547143118277577,0.27772314313985,0.528265192103301
"54",-0.367131794014502,0.767499682730743,0.652069105170024,0.0119661507806674,0.279319358538299,-0.23929353130906,-0.227833971093658,0.700485735276825,-0.0170592331730247,-0.00634519706218377,0.906820040716743,0.456465203487387,0.036523815835421,0.608441004620182,-0.103678039207243,0.0831420836016417,0.897344648668218,-0.0452443633067058,0.106232792127,0.171832643784239,0.241411367619815,0.544285511793005,0.506800130994248,0.521927303032932,0.45901980277032,0.232992827891392,0.443182370735156
"55",-0.0716445746196907,-0.431549141388236,-0.344992104612334,-0.121501541668896,0.00889723127305192,0.024811010420476,-0.491741687702151,-0.837371805555359,-0.742622025366085,0.107318659334767,0.0481762865898209,0.245598440391534,-0.156848895977894,0.00165831391259434,0.0233464943156497,-0.06149464064793,-0.154315321718771,-0.148472294952545,0.146291796442853,0.236628499010637,0.332444454708565,0.749528499663517,0.697907869276258,0.718739301156477,0.632110200679245,0.320851393134657,0.610300678995055
"56",-0.0511112284934804,-0.189867918879782,-0.084791256800297,-0.529077804732366,0.176467955420124,-0.00102727850023805,-0.384433869979013,-0.653287563630719,-0.391203582443243,0.225930181427346,0.10123241809332,0.31763338559593,-0.102470013777783,0.196430611012977,0.00872602744896456,0.0241582291644519,-0.115324924595313,-0.0678195085909901,0.117384800553019,0.189871133152531,0.266754028317413,0.601423016062113,0.560002529406207,0.576717707809588,0.507206361795188,0.257451734861855,0.489706362374131
"57",-0.083975119469116,-0.151665673208039,-0.0624407135998144,-0.205481127731045,0.00554854971776524,-0.0398231045579769,-0.456674077101108,-0.651382419962246,-0.548696066280036,0.171374208906985,0.0642506878796998,0.353266388731546,0.0539829778399168,-0.0606867463442793,-0.065658075448702,-0.0232652982707163,-0.167117147879614,-0.176373722750481,0.117449623640864,0.189975985169875,0.266901337165996,0.601755138251856,0.560311778073719,0.577036187054422,0.50748645497924,0.257593906730327,0.489976791581293
"58",0.645940049783785,0.779233638303292,0.715502930561742,0.720663761322908,-0.0341151132387942,-0.326688457559649,0.486710880209327,0.446598443475959,0.324585338981421,0.519126256163173,0.459807470940187,0.381469159576465,0.443668636972326,-0.0765172434764629,-0.345128654446393,0.28501676058186,0.107863818088288,-0.033212794772649,0.11710126331431,0.189412508726277,0.266109697021987,0.599970308211804,0.558649870713514,0.575324674421818,0.50598122966052,0.256829872800841,0.488523500631284
"59",-0.0924032272938101,0.0866895677051678,0.568779960939208,0.0542860619902868,-0.186713410017195,-0.0453520387117432,0.0248412099945578,0.0411059036131845,0.259544446682191,-0.0572820447250488,-0.271404080103227,0.247381987094833,-0.133871312405889,-0.314551742608868,-0.0989770767859416,-0.0147312042718693,-0.327425272448069,-0.181119658536686,0.113219233276934,0.183133284851838,0.257287880691075,0.580080661489881,0.540130039952462,0.556252056380501,0.489207419743382,0.248315692402698,0.472328432792222
"60",0.131498056483624,0.942198547584644,0.675771865457772,0.544739039428705,0.944455658216677,0.558477609759223,0.322956865085177,1.18840781284428,1.23268077627596,-0.215920885275021,-0.0648403367122431,-0.0729941347630418,0.126253741299715,0.44875834455247,0.352313019160018,-0.138719791810598,0.15652700327248,0.231976209233731,0.175135102332611,0.283282845632625,0.397990147164797,0.897307666469575,0.835509366051012,0.860447982178419,0.756738842322523,0.384111364659807,0.730629293428728
"61",-0.848363943607743,-0.819710827700335,-0.706120286920477,0.549403863076851,1.61790901454923,-0.0502046464287556,-0.473135473614152,-0.113316701160514,0.622300826791857,-0.337845708801824,-0.413188090274624,-0.390650409203745,0.324014094910224,1.50998320341379,-0.0959071675984753,-0.0579547787134161,-0.15339956910347,0.781741478256901,0.117488220876147,0.190038416598521,0.266989048419456,0.601952891841302,0.560495912214467,0.577225817304297,0.507653229239547,0.257678559301509,0.490137811675882
"62",-0.613383518731702,-1.02681291374958,-1.00756777441051,0.457249467841354,-0.0135346873017383,0.0910609180215451,-0.427112962984311,-0.339363108296018,-0.100143604666921,-0.288455162171372,-0.625351740541384,-0.728471506053326,0.224292549050013,-0.0993069962850466,0.0544628506313557,-0.209565359328213,-0.411263299429139,0.00764921640229933,0.117226458755965,0.189615013652472,0.266394200537187,0.600611749179992,0.559247135126511,0.575939766220751,0.506522184913466,0.257104455059354,0.489045791456245
"63",0.313375604789164,-0.0391915480583852,-0.0755834325005517,-0.346021539318994,0.181625486314299,0.406209450982397,0.408628339823981,0.086407186404396,0.221547110524429,0.173319328644753,0.349915860099831,0.232694430562888,-0.300433990078586,0.17524972625315,0.402930563178607,0.152199789016761,0.00670766088315742,0.445242648318473,0.154255442761779,0.249509779580837,0.350541642126871,0.790330376613649,0.735899688156422,0.757865114968994,0.666520209956565,0.338317492246079,0.643523449334164
"64",0.50890695384178,0.222335119958901,-0.0897944245511635,-0.446324875966735,0.00833062213681829,-0.458611901353368,0.816955778647017,0.611350994505913,0.252072949311905,-0.294778053334231,-0.0596105103401739,-0.140641978215445,-0.236922852106383,-0.204324681918452,-0.547942639353076,-0.296627934002989,-0.196692542571696,0.0775561281236797,0.119970295635878,0.194053198282172,0.272629501336902,0.614669843959943,0.572337037616361,0.589420381330476,0.518377991752715,0.263122317351436,0.500492540703849
"65",-0.487087091663112,0.0209997212953245,-0.228623108142379,-0.102696875452084,0.5446177523883,0.0422949051634308,-0.289747303772589,0.411520717868948,0.122465567714259,-0.410909596523475,-0.0329811193285596,-0.301667804192025,-0.0993017611542371,0.408443212986456,-0.0155202178538067,-0.451815628951285,-0.165640293898418,-0.129210753494696,0.133548283637068,0.216015734790917,0.303485140045655,0.684236895718424,0.637112950588834,0.656129751537017,0.577046932383335,0.292901952792917,0.557137243264119
"66",-0.0670460972086096,0.494676607316219,0.850501139707154,0.400610691517569,-0.196365737531176,-0.432482630051035,-0.122068429370389,0.556699728403127,0.182962566779626,0.312977763577337,0.603797631392441,0.555749846344212,0.529486803674566,0.226533382189977,-0.258135960352801,0.179624772724422,0.741025177514365,0.140850583298671,0.104811056624497,0.1695329718537,0.238180509189185,0.537001225838353,0.500017519669806,0.514942241625899,0.45287664549389,0.229874636524966,0.437251169098241
"67",-0.766411187197927,0.653449108026563,0.900720513435094,0.0597382016016651,0.112602755250101,-0.290813374920899,-0.524175489355879,0.637400169383587,0.181580882335977,0.174844572767473,0.751276045684543,0.508499587391415,0.095182162782835,0.488432359198637,-0.136096812259868,0.354485493616897,0.800981549934695,-0.0108431719567432,0.107059769162967,0.173170287722554,0.243290652285556,0.548522542659372,0.510745354138307,0.525990284767767,0.462593076411585,0.234806577811293,0.446632356714111
"68",-0.163683183199119,0.726262799296846,0.833711994564732,0.370394315264883,0.139616520545043,-0.257952839275061,-0.0398152785877404,0.734918901576759,0.249008630261513,0.086694426481296,0.696083586814357,0.47296138063786,0.358467510668343,0.470626294287572,-0.121763758267097,0.134439794158163,0.78342788433457,0.122313871782999,0.111125438603511,0.179746550237487,0.252529784574938,0.569353068977293,0.530141265361122,0.545965132869187,0.480160371286944,0.243723521452307,0.463593532121529
"69",0.349097259747952,0.566680749395777,0.808122282321252,0.605273024759551,-0.117859398130758,-0.25805142432048,0.208651198265578,0.299668843522932,0.303604072027029,0.267785266204197,0.210995744309058,0.353655855192214,0.306843770233249,-0.0928132365444453,-0.248389518216448,0.095995212171638,0.0252065474517751,-0.118460758902909,0.11504865959066,0.186092400900676,0.261445206310723,0.589453758228822,0.548857603983091,0.565240124216272,0.497112162609461,0.25232804303116,0.479960440523256
"70",0.248039183194921,0.836831008798296,0.740771895181193,0.460889466222787,0.176033118727,-0.226867136453011,0.36860413536968,0.885075825869962,0.266585902653005,0.300210166005952,0.719158721392786,0.51554773984548,0.514261773460757,0.378517653132685,-0.143676268956688,0.336605974764504,0.856506070103828,0.223540579699561,0.10408573728705,0.168359760297779,0.236532239105078,0.533285039914108,0.49655727045795,0.511378709518236,0.449742623196684,0.228283845205521,0.434225279096918
"71",0.40142567378978,0.683005854229978,0.7248290561995,0.370394403991797,-0.281017499575287,-0.389742517851136,0.509807362129012,0.587740145255422,0.0790617807060329,0.277575609464487,0.462062609250586,0.414757057103526,0.257333726172534,-0.147057464394597,-0.334915666973433,0.330687251868973,0.440729513259865,-0.0789736800646807,0.125521714248154,0.203032675501976,0.285244961521904,0.643112631352254,0.59882094737317,0.616694793367469,0.542365039682849,0.275297848987061,0.523651970219647
"72",0.231281572296667,0.32230838243052,0.286514636742204,0.510561076852801,-0.179627953458754,-0.134109057406707,0.228346233589188,0.253349520540492,0.598418498860598,0.300099843157311,-0.114745438283518,0.0718898368560085,0.259654827790908,-0.510918734482987,-0.271988059687929,0.209634907101856,-0.206472820477301,0.0883316528037035,0.118121184441361,0.191062241734358,0.268427442317162,0.605195891400484,0.563515563786661,0.580335600638573,0.510388192757382,0.259066793273888,0.49277841151143
"73",0.575739105356486,0.271732373606357,0.144204106480821,0.104480711183421,-0.419077529576207,-0.199765240864943,0.735133351799476,0.307361546970553,0.324956119769295,0.218932888766376,-0.417819461050586,-0.426146506789063,-0.0485519393442238,-0.496703824172109,-0.233228355113226,0.190571480222664,-0.383461251383505,-0.166330358956004,0.124621814826274,0.201577078847632,0.283199962554949,0.638501981405155,0.594527836594858,0.612273540109798,0.538476676712488,0.273324163584242,0.5198977663507
"74",0.0395920702384461,0.548716812650009,0.755366401488468,0.416253192165037,-0.195827676786502,-0.347529379398072,0.0912820763389915,0.311016940605458,0.116338810529811,0.215552390718205,0.361304861419309,0.351296052481765,0.273818014156469,-0.0253550884293578,-0.277775132320198,0.205738658484473,0.201918252579728,-0.172214147280143,0.108504103659274,0.175506513760109,0.246572866365338,0.555922614941973,0.517635777493202,0.533086376221651,0.468833881367895,0.23797433394363,0.452657836920283
"75",0.201884553901089,0.467368276840389,0.217213768581974,0.55242871937867,0.219568180182568,-0.15747838435208,0.112965094573125,0.517743993988958,0.361366916052589,0.15703035482243,0.527075804327261,0.271483085890912,0.448853964592468,0.176503874892731,-0.175896389295974,-0.00323392462905931,0.416585347312406,0.291361035672809,0.113913750785274,0.184256674129508,0.258866154387618,0.58363903372041,0.54344334422657,0.559664257479424,0.492208350843055,0.249838928260934,0.475225823604425
"76",-0.839543017521992,-0.664654423700367,-0.357462168549906,0.197981266978616,-0.203564594884794,-0.141255241731323,-1.0584283223946,-0.849648654439419,-0.489375168930265,0.0677023515655828,0.0294279325440301,0.107782915930323,0.226809045952729,-0.119979585744404,-0.106104768705114,-0.0314622819546623,-0.218078048813853,-0.145735853151856,0.157702259680188,0.255085041718563,0.358374447511612,0.807990201540877,0.752343266742542,0.77479950803402,0.681413513525037,0.345877150661948,0.657902893409819
"77",-0.589684323170878,-0.531427263949269,-0.338471284170776,-0.22981740386302,-0.0453225551209134,0.187181193718853,-0.661606437891623,-0.526810000178376,-0.354646753998983,-0.174535337033708,-0.196647859875215,-0.304523598078353,-0.058630410040072,0.290373491349369,0.324971327133029,-0.416118460993691,-0.387443997158486,-0.13756032733932,0.143582929639777,0.232246878843152,0.326288622535306,0.735649574665209,0.684984797001137,0.705430495876137,0.620405495561519,0.314910228225094,0.598999818048485
"78",0.0640073404338518,-0.438191304929077,-0.417072349573968,-0.172063551807339,0.479929475325759,0.293100288474255,0.380950683085172,0.124296653334785,0.0711417444731633,-0.519624204051362,-0.433210727522078,-0.400719299397218,0.0351392513855945,0.581220281863051,0.333735117571088,-0.464611851197045,-0.356549773124431,0.174218742699428,0.158429694152059,0.256261674526368,0.360027524185885,0.811717224392208,0.755813606533603,0.778373431908513,0.684556675077332,0.347472580955301,0.660937607337066
"79",0.0473787012625107,-0.564269235471952,-0.538852478193709,-0.296885616164008,-0.315548390646123,0.0215927986314785,0.133387557307757,-0.154820247863978,0.192467405760457,0.191755128665427,-0.0997837636760544,-0.0102631400922779,-0.176895828993489,-0.450366246099328,-0.0334449785479545,0.354124784742382,0.137244901015331,0.587401878860614,0.151154981036776,0.244494750563035,0.343495920271128,0.774445108392795,0.721108451129578,0.742632383211809,0.65312346775472,0.331517470043765,0.630588931186344
"80",-0.0367195119199471,-0.377006598775879,-0.201260170021734,-0.3428560775178,-0.245604504451668,-0.113522244581383,-0.276692996376807,-0.638143799980785,-0.598058925408579,0.0399249106355506,0.0278937582111713,0.192967238881054,0.0338492281543175,-0.11752556729109,-0.0586709024073046,0.00370552368277413,0.00857831383021454,-0.107097259303204,0.172180877001916,0.278504355500304,0.391276743863793,0.882171642894602,0.8214157725889,0.845933717528779,0.743973970935035,0.377632072341063,0.71830484483306
"81",-0.805453463090231,-0.933981175103206,-0.4648528201328,-0.322591591132032,-0.259419752602473,0.0241197221095178,-0.934490465357267,-0.562020647623658,-0.328226764249569,0.179926292531303,0.082679726155195,0.183314646383369,-0.105551885372232,-0.223981341828372,0.0397441600890009,0.181026079190519,0.112318956505143,0.153176044032464,0.179418258679859,0.290210895476302,0.40772351301931,0.919252490641795,0.855942832539013,0.881491354907574,0.775245873366173,0.393505306866024,0.748497781549921
"82",0.459439543524738,0.57796574016551,-0.00302230681567184,0.273602239179647,0.650376263788553,0.199995943200582,0.551807609083666,0.695703840836605,0.449743467278089,-0.186868704883381,-0.116342980504471,-0.183974833791862,-0.0885952985448082,0.0716939484541759,-0.0399307028464149,-0.152977431286843,-0.110492671743726,-0.0380443747871661,0.156643032082563,0.253371730086391,0.355967379243484,0.802563230983711,0.747290056010893,0.769595467057052,0.676836711642906,0.343554022102395,0.653484003644571
"83",-0.29288378029441,-0.574789070439483,-0.37420596589048,-0.315490534726165,-0.153585160023715,0.0601922766732984,-0.28032061439848,0.0208647875533745,0.22238177721601,0.0180089775596849,-0.12712093922367,-0.038582984512056,-0.120336433700865,-0.218721831691412,0.0336369883330908,0.0458763953986188,0.176456616658244,0.419187813151029,0.173903646868737,0.281290953639359,0.395191695370916,0.890998283519309,0.829634515377229,0.854397776623276,0.751417863434269,0.381410500969738,0.725491902788724
"84",-0.644754642921321,-0.751802727089601,-1.30947833950725,-0.71812607359766,0.262068132811792,0.425471317095095,-0.82477849826132,-1.00344706649139,-0.873660903996269,-0.312652708530317,0.147371025013018,-0.357750420445863,-0.0524119965803516,0.426641128320292,0.496405140175428,-0.19977594824831,0.210294706116677,0.144465189859336,0.13524405250613,0.218758658535871,0.307338732459548,0.692925196273269,0.645202880899137,0.66446115330737,0.584374156644654,0.296621162053467,0.564211658353492
"85",-0.490085690298857,-0.531480675193001,-1.5718056881951,-0.308473328591176,0.651954088668339,0.885969226924799,-0.748403570897892,-0.761918241589934,-0.510656616347754,-0.282669472890308,0.330078108158578,-0.635145600838631,0.0758332523640281,0.777887672676069,0.941322915151925,-0.120055542841168,0.51949474763414,0.434767671954576,0.112660733351371,0.182229905425945,0.256018703555221,0.577219177651093,0.537465628806263,0.553508116829859,0.486794205136614,0.247090774235451,0.469998480654939
"86",-1.04783692291032,-0.808139200462901,-1.55451652520336,-0.377338181507377,0.100540977536042,0.475896746904325,-1.26972376715281,-1.13510883419481,-0.581525306086202,-0.474646813197531,0.0737600130349121,-0.726100437321093,-0.00269273771481852,0.265354818068037,0.547260881043834,-0.268441219096552,0.152274351745,0.271113630700659,0.11294882987191,0.182695904537875,0.256673395704765,0.578695245059163,0.538840038265191,0.554923550209392,0.488039037409103,0.247722635845052,0.471200362827254
"87",-0.894950449302928,-0.86509793180634,-1.59148821683442,-0.635795033514448,0.0992329361185866,0.49396857836377,-1.02624784762505,-1.15732487046082,-0.79501710343987,-0.462475922060272,0.17959803780224,-0.588623425331545,-0.131783360596294,0.359132976698949,0.604664408838258,-0.197093868670628,0.306335214229993,0.224527537035017,0.128773053163383,0.20829174994082,0.292633548025236,0.65977092141557,0.614331967606683,0.63266879270698,0.556413705049974,0.282428779400589,0.537215918409879
"88",0.18373018959045,-0.239601197930873,0.295536519530059,-0.68684459397245,-0.905689606412863,-0.350238114705945,0.131076189882386,-0.695515142182209,-0.604357926735452,0.176966010939773,-0.0287489867848193,0.148581607742265,-0.344208496257423,-0.239366363393736,-0.0741434118545021,0.158502332196124,-0.193397537623691,-0.159522397971184,0.153031581961905,0.247530172035413,0.347760449017304,0.784059905053172,0.730061069013729,0.751852222398102,0.661232046746992,0.335633285392446,0.638417742142648
"89",-0.920456057039345,-0.599441252339641,-0.831309337528884,-0.81677499818477,-0.21997909403115,0.0160454796850448,-0.965639272177092,-0.993814912242917,-1.04755637319256,-0.610436924691589,0.161207116604232,-0.280829044711637,-0.406195990802301,0.333146857863319,0.247564249275243,-0.289234071346646,0.297500708960125,-0.0450950498811399,0.127764225229165,0.206659960287276,0.290341011733793,0.654602174388473,0.609519196342977,0.627712367930901,0.552054674376658,0.280216188838457,0.533007286154259
"90",-0.728117157221827,-0.706374057855316,-1.35443876362283,-1.03584013928047,0.0694381037616465,-0.0240138601051124,-0.7997949631364,-1.05886972162052,-1.22752326003884,-0.402500759839347,0.300816860604076,-0.49777729335807,-0.187192930957037,0.644755848889003,0.216803126385654,-0.201014871129769,0.440038614572855,-0.0559775272881502,0.132864664128658,0.214909973141236,0.301931631781845,0.680734359575327,0.633851636925927,0.652771092885752,0.574093090300889,0.291402618742882,0.554285316769934
"91",0.448152799710446,0.461389986429277,0.15007949665922,0.737427732066198,0.630828310488574,0.286417384748255,0.377672327670828,0.750310802843098,0.642286330213255,0.150185325335047,-0.0216045341549047,-0.153796402444151,0.395630635617958,0.256678254652875,0.13054400376211,-0.0414287100768472,0.0333946612018464,0.0401408507874704,0.161509391198075,0.261243116460407,0.367026058827097,0.82749610442818,0.770505782415393,0.793504145704156,0.697863695464828,0.354227061463939,0.673785499317235
"92",0.273785182725882,0.728609406576951,0.539984449844876,-0.117166749748309,0.210905534957037,-0.274184886502172,0.350006788572209,0.655979210271399,-0.151847405525627,0.0225673581190473,0.619726304364438,0.454072581082756,0.104717255280614,0.356022567277232,-0.214463562234258,-0.00394621387971704,0.578620326630186,-0.130090458098416,0.100962441713506,0.163307797292983,0.229434627898654,0.51728278208307,0.481657100989435,0.496033793860501,0.436247218534368,0.221433743147102,0.421195502611941
"93",-0.158776199853632,0.182643200992082,0.148457726539224,0.627643107546615,0.33991619419446,-0.178037980520972,-0.178155796308509,0.314101673743811,0.110482298940676,-0.146118226687572,0.256182114735199,0.197297647724858,0.525560014523994,0.30491587842375,-0.193125582682903,-0.235405618842947,0.226533381922795,0.0333801232096755,0.113965650755675,0.184340622870268,0.258984095774484,0.583904944098802,0.543690941143411,0.559919244767594,0.492432604707615,0.249952756774985,0.475442340100538
"94",-0.0703972123460138,0.271515705925956,0.0281373943476449,0.00785120907978198,0.246264288781237,-0.27704517124071,0.0210115369338146,0.485744386527248,0.662513300743696,-0.441110138033411,-0.521071810934232,-0.433579196369089,-0.409362115870741,-0.273794981845457,-0.492821337802096,-0.395009836741978,-0.358825621460906,-0.0618096684481872,0.126469057837023,0.204565013588812,0.287397776173721,0.647966362293401,0.603340397962036,0.621349142316451,0.546458403498406,0.277375590307194,0.527604101846891
"95",-0.977842455285569,-0.92392532048174,-1.22537956348477,-0.448643732759065,0.338632379661368,0.221607631327744,-1.20694010062726,-1.14224640983062,-1.04660903629138,-0.427009295792021,0.0752714502023612,-0.338382224690745,-0.144272275426232,0.643853494776082,0.350659234758818,-0.260406993031342,0.25573501295012,-0.0439029896050401,0.134037827690716,0.216807577378341,0.304597616684318,0.686745082978212,0.639448396975477,0.658534907257019,0.579162196516504,0.293975634950309,0.559179525029766
"96",0.143212138243482,0.935298278819176,0.845603791522081,0.154334249011308,0.413715587748374,-0.0953611913906652,0.280046211573746,0.92199352165737,0.306544928487525,0.186437743455672,0.868108014993797,0.529779084352081,0.263318535384211,0.763897502341858,0.0487818906185371,0.213539759830718,0.915587238127114,0.276638687257686,0.0967956684950544,0.156567998367996,0.2199657397984,0.495934248844677,0.461778858399235,0.475562217573054,0.418243065742865,0.212295055780318,0.403812542075032
"97",-0.0760252951398072,0.957037158835949,0.942669889233689,0.211471115059456,0.233122527562714,-0.205075869061707,0.0149850134262702,0.969243568109058,0.267333565488715,-0.0129114330282008,0.895865700226908,0.5459772566637,0.282316242423934,0.669977851631283,-0.0251257152196846,-0.0214314787771692,1.00321574988144,0.241890632466579,0.0963346281433031,0.15582226081421,0.218918037110599,0.493572100784877,0.459579393375462,0.473297102041768,0.416250962861141,0.211283888765165,0.401889172162573
"98",-0.00523955844817264,0.834484134819386,0.846164941495348,0.263177167081871,0.226762439012789,-0.237480937467766,0.125155732648232,0.83420183444115,0.183260212325256,0.179961657094774,0.826494656935414,0.479300159184172,0.319231406496632,0.659719175478664,-0.0591414366465927,0.218975031491456,0.914006077132764,0.167242185493338,0.0962388170711128,0.155667285410585,0.218700308841319,0.493081211131895,0.459122311687552,0.472826377197697,0.415836974123957,0.211073753154436,0.401489467163148
"99",0.0254391036059986,0.870362954967891,0.846057091753029,0.238222482199243,0.300738246374968,-0.0978691981946514,0.177820024095296,0.916509268062964,0.238483776539457,0.198973436794931,0.840463313947803,0.516438703771681,0.300038306718203,0.690560223168993,0.062666182376347,0.260736551243641,0.971845671196154,0.234336264394118,0.0987117033567432,0.159667204642018,0.224319881180796,0.505751085947681,0.470919602038288,0.484975797766663,0.426522034286423,0.216497358777587,0.411805863679528
"100",-0.0856047488613408,0.788024198153326,0.913399958057415,0.42517874584484,-0.0891282281113857,-0.338089596100673,0.0604019811946001,0.839455886271307,0.30885624441424,0.0399304708435361,0.715393458622915,0.546007354808948,0.487065252769348,0.269215304537326,-0.190480575929283,0.10584314064225,0.881551118650294,0.209178520067907,0.106433653820233,0.172157539657652,0.241867820802444,0.545314630084186,0.507758373081313,0.522914147111233,0.459887703283581,0.233433363558247,0.444020326319441
"101",0.183952819118324,0.828753725105369,0.407522388284452,0.0145000878828619,0.358559356530348,-0.165279305849215,0.23171680311129,0.750748758304899,-0.225746406038397,-0.0101694856222434,0.795233590989585,0.459242166295321,0.0709193185060642,0.409122723931962,-0.144601185340812,-0.0167146719294987,0.724958193306806,-0.155504352853593,0.0960292030589337,0.155328232570443,0.218223966232421,0.492007250186189,0.458122315295634,0.471796532515431,0.414931255836772,0.210614021648888,0.400614998621028
"102",-0.374858391752741,0.444358851023236,0.396465742744367,0.32431806262058,0.425842479549059,-0.199794764208645,-0.429674633600573,0.462207310845651,-0.175148969300885,0.011314973777593,0.712558160985743,0.478937424192493,0.168352614925306,0.561196245884628,-0.144135782522849,-0.0300861216172583,0.690913991428122,-0.156945395901844,0.0958385832431162,0.155019903040042,0.217790787460494,0.491030606327613,0.457212933684812,0.470860007320316,0.414107609310037,0.210195948763385,0.399819770140332
"103",0.660610288904882,1.04327531449045,0.67205978030481,0.250557753972447,0.215191078420809,-0.285326832459612,0.668379500718758,0.925514978846364,-0.177188298222543,0.0424972362560254,0.819635830652294,0.506504773112699,0.239875647242363,0.411790929774506,-0.204354760811627,-0.00801650137095932,0.76626987996685,-0.126538938460014,0.100337440550777,0.162296851425802,0.228014328361784,0.514080578028032,0.478675435302217,0.492963130229016,0.433546659651345,0.220062972545822,0.4185881203577
"104",-0.0616542980190563,0.522723064575082,0.441609672199588,-0.170856100390166,0.10664109703562,-0.395063074453413,-0.00526565446542286,0.422862397996983,-0.345954803738014,0.105740651166951,0.698001959393145,0.467087297769952,-0.0807969948557931,0.312373005992472,-0.310289908242397,0.109660593240206,0.611741167925869,-0.278665892913659,0.100230480920745,0.162123843114164,0.227771265273174,0.513532568549907,0.478165167677444,0.492437631933071,0.433084499264718,0.219828385596045,0.418141905761795
"105",1.12127213407402,1.13766821576393,0.851239514294818,1.30084754763819,0.981176185562061,1.2532421203312,1.05588175059327,1.08452089978985,1.16102946170679,0.737977277277513,0.179938445636906,0.362925948286665,0.832499049626195,0.382235790331772,1.00461246958148,0.599449518712279,0.173753538473973,0.380268565926018,0.132208791327474,0.213849092078457,0.300441177217409,0.677373984157191,0.630722693264554,0.649548755268518,0.571259138582082,0.289964139572512,0.551549144095663
"106",0.80553634171041,1.40857779189994,-0.513729050064302,1.32152080139221,1.75894756444819,0.266378832857721,0.569232572554313,1.72685911604517,0.00774840453917058,0.770640539069237,0.922853595696016,-1.03868258697851,0.861077770234358,1.50554603295358,0.16006091486534,0.401892588740757,1.04149719489977,-0.76246859098534,0.129641901778015,0.209697121592185,0.294607984808016,0.664222482025223,0.618476945658127,0.636937491713188,0.560167901016595,0.284334363276148,0.540840584401738
"107",-0.0570140331380991,-0.348845654548076,-0.145657246699699,0.0590681500824624,0.228322570033419,1.07794189739207,0.430597619102249,0.440227366685022,0.706527522423057,0.417198095325208,0.317198790014266,0.450127119450411,-0.0108600484152032,0.133428946060318,1.03847100749778,0.898720022333421,0.677053924182977,1.18742903002107,0.141204268267993,0.228399369387762,0.320883173959875,0.723462462793235,0.673637021322135,0.693744007271753,0.610127570526578,0.30969327940438,0.58907650939005
"108",0.0468784416462425,-0.378494331081078,-0.363962550427063,-0.195904809665501,0.77114145678022,0.206511619023183,-0.436442207195596,-0.947912139647893,-0.898914812810092,-0.0124040483008225,-0.0927984517326807,0.25190983175588,-0.0961735345687753,0.472708376327119,0.0858643211468839,-0.11394505041941,-0.329286755848131,-0.418902350163677,0.125416034994406,0.202861738212264,0.285004808056429,0.642571181903732,0.59831678798349,0.616175585627647,0.541908411656408,0.27506607019553,0.523211097102451
"109",0.144715226120992,0.310242083339492,-0.127660486427925,-0.0983142119370739,0.771273897763447,0.1543516274603,-0.189615753290916,-0.240270096612678,-0.779890605087377,-0.000401758422304026,0.508358517261708,0.344609927871372,0.0298842996786697,0.479076603357312,0.036277611069177,0.0361580721854712,0.286835379264551,-0.462862938630587,0.123979806621867,0.200538623914032,0.281741014940509,0.635212641483702,0.591465036158399,0.609119319986783,0.535702632338211,0.271916092647959,0.517219434054584
"110",-0.602836617699841,-1.08210082272449,-0.839590188633345,-0.411814103654762,0.29486621567064,0.923840008633308,-0.965033587400341,-1.23581884833755,-0.794234385295595,-0.15085697331587,-0.11166886934815,0.0745569952577171,-0.136344926721308,0.387056059786371,0.964707097780111,-0.139472689660066,-0.0130040931236843,0.0401075767198318,0.106033946749753,0.171511009322858,0.240959496464921,0.543266724130971,0.505851508057597,0.520950365221274,0.458160614528931,0.232556714466994,0.442352826825658
"111",0.127926340592223,-0.432794225866274,-0.402264164169277,-0.605682554823179,0.24288819561726,0.537658166198005,-0.217238698355857,-0.86347777044567,-0.765224830959362,0.0471991674761352,0.174784841480579,0.375874803734093,-0.247657608513627,0.383024441192514,0.598327605541666,0.034346334727114,0.119413592879914,0.16870174122093,0.103436081813781,0.167308935827426,0.235055913263088,0.529956519080964,0.493457987530692,0.508186917960514,0.446935535844106,0.2268590020583,0.431515043895149
"112",-0.531755385499716,-0.641034227931063,-0.264340390554841,-0.603636359364404,0.423500648428217,1.17797427233644,-0.89478670178949,-0.974110396163395,-0.574983208637445,-0.107592993936316,0.141345922409175,0.452631226965894,-0.250880296194463,0.574296217603505,1.24288325788167,-0.144583574078259,0.0677995139284394,0.161232693926149,0.106873232431739,0.172868562623853,0.242866752221408,0.547566818553925,0.509855451520397,0.525073819982298,0.4617870724286,0.23439746006484,0.445854162061408
"113",0.181834750980763,-0.531230028685856,-0.524210096138675,-0.340230062681573,0.468652535103545,0.724923165369074,-0.281684019490511,-0.992359893861226,-0.848382617376601,0.17227767717215,0.0929573650214729,0.236123059640017,-0.00778987511953114,0.574109988680619,0.771370894317724,0.066606280934909,0.0236773489829586,0.00104395448691808,0.102076731032579,0.165110171831045,0.231966822553954,0.522991862303725,0.486972992265235,0.50150835597506,0.441061935847443,0.223877634664419,0.425844099078476
"114",-0.262221837394705,-0.649320123734876,-0.660511235620406,-0.259856732397715,0.621224627578329,0.931378878968267,-0.666016054480955,-1.01076787948885,-0.832453808721643,0.0885817635261088,0.134267753401713,0.281047144852124,0.028560260498662,0.601994444833448,0.926298323340325,0.064774762879825,0.0955761088711483,0.064449121678682,0.102709690851441,0.166133990907119,0.233405207938169,0.526234842668412,0.489992625964872,0.504618120903312,0.443796883177719,0.225265860420191,0.42848468328498
"115",0.373548517045993,0.149177041627772,0.462756072224861,0.382382475551367,-0.405411303683495,-0.48400115769164,0.520897026757748,0.302104718310019,0.49507554785574,0.152385000030835,-0.494872106796771,-0.294759170719688,0.0686877492861605,-0.405945068264627,-0.48572552872061,0.141092860010449,-0.362895947899064,-0.208185277814726,0.123758184389946,0.200180147653832,0.281237383952075,0.634077156220531,0.590407752678226,0.608030478288448,0.534745027900364,0.271430024368054,0.516294869575164
"116",0.463490346211964,0.175337534517396,0.391288367985165,0.188404931137058,-0.439759421265881,-0.569172678854813,0.692089878936491,0.267439459854488,0.203067167349023,0.132159550503942,-0.541399070307841,-0.238100241688754,-0.0961448903807041,-0.419189260872845,-0.561885921242935,0.235770578984011,-0.309221391244988,-0.204616709499334,0.107307586681521,0.173571135130746,0.2438538114088,0.549792239917785,0.511927606325705,0.527207825289044,0.463663867701278,0.235350098350411,0.447666202791046
"117",-0.26320735258431,-0.0173495814343094,0.49988766175102,0.235688821626665,-0.733213385525682,-0.511016770756274,-0.0533986447354756,0.14288286600861,0.439030186139836,0.211444159696479,-0.406703150093158,-0.21370445739455,-0.0278035021426455,-0.560202683476937,-0.44097676885218,0.28383796054157,-0.23195670844542,-0.161751290251598,0.112673236756018,0.182250129812726,0.256047117230088,0.577283239056813,0.537525278251466,0.553569546715444,0.486848230924884,0.247118197063642,0.470050642406528
"118",-0.510326767764374,-0.670399980717566,-0.215040981301598,-1.0372179347237,0.062208408175702,0.522964136214077,-0.852270005791733,-1.21781145887665,-0.782351180937075,0.0363288636794587,-0.0341672720409307,0.190313123147235,-0.0351672587488832,0.542375441140961,0.724173253098352,-0.110207971718271,-0.157869142364542,0.00598110410006066,0.123460289000927,0.199698298770437,0.280560424118574,0.632550884143646,0.588986596186387,0.606566902551957,0.533457855832531,0.27077667159709,0.515052108445637
"119",-0.168768078034532,-0.345499622573638,-0.546795112378659,1.61085314009606,0.703460455886835,0.410816387312657,-0.359807625482899,-0.191098090725115,-0.447997940915637,0.552036762248297,0.335011263018828,-0.374898963321799,1.00801215409338,1.14898672107862,0.59336606688382,0.307728591784997,0.269365854120572,-0.266934072041268,0.151082947366771,0.244378235354213,0.343332225554626,0.774076042663091,0.720764803253405,0.742278477997041,0.652812218465906,0.331359483718247,0.630288420844799
"120",0.0359824687133411,0.699470944033515,0.693706737293419,0.038605358075329,-0.0311468602652599,-0.273736458288112,0.0496338204794934,0.533724905555936,-0.168057167691365,0.0916399745784734,0.744862736250526,0.515242495955284,0.0560647424020523,0.263131147850035,-0.152408315092331,0.063356886441834,0.655465721949077,-0.145543223653655,0.0986767693756585,0.159610698565057,0.224240494581036,0.505572101103236,0.470752944023983,0.48480416527761,0.426371088530536,0.216420740561314,0.411660125962892
"121",-0.441351574698036,-0.737661973200791,-0.327645868269391,-0.749494319557257,0.324477256693165,0.946981820565317,-0.879026406220503,-1.17405353883577,-0.57000412927817,-0.394073372681711,-0.135455344006387,0.310875224454414,-0.374311434453392,0.453833790688365,1.00319485396796,-0.499805873005187,-0.239314054341102,0.14225847458465,0.0994892756832752,0.160924935950084,0.226086894877913,0.509734990947527,0.474629132297765,0.488796051561881,0.429881835801736,0.218202752861855,0.415049742901665
"122",0.831365775721697,0.14225406802307,0.224212944375713,-0.154436821002869,-0.621616439105868,-0.760045639649524,1.00803341256421,0.227641580573453,0.406690052928584,0.442415143563797,-0.496202973300906,-0.30409530892695,-0.418782335066407,-0.710512783571549,-0.797979067611213,0.487841984556109,-0.378209732859126,-0.121228922649114,0.100793450570844,0.163034452365881,0.229050599746435,0.516416953098156,0.480850902342831,0.495203531475792,0.435517027042445,0.221063106892242,0.420490504713097
"123",0.446978785108262,-0.167915430480573,0.158477083821372,0.125443015843058,-0.183673398006408,-0.482910419121865,0.708697474140247,0.0309625395258993,0.407393822500134,0.1531595195771,-0.79157697399938,-0.354222984333213,-0.136943191217466,-0.276006478087385,-0.522252404808709,0.288229248573351,-0.553168502276743,-0.100125040580355,0.100797112854744,0.163040376148099,0.229058922195155,0.516435716871815,0.480868373840312,0.495221524469484,0.435532851354313,0.221071139119064,0.420505783043152
"124",1.22487521780832,0.270961265358684,0.124405858881762,0.101847347956574,-0.424704973605866,-0.611130697990034,1.29478272164017,0.315968578023895,0.380080333086976,0.491421655316366,-0.631705482082962,-0.40784729707221,-0.0779735715615039,-0.599640003338968,-0.684377580307526,0.432165036081635,-0.445959926204906,-0.0437193083371193,0.100814946775054,0.163069222699287,0.229099449333772,0.516527089264924,0.480953453343245,0.495309143459286,0.435609909694018,0.221110252988166,0.420580182660486
"125",0.532540744151073,-0.298856045694059,-0.0972875999329148,0.959509297120198,-0.597131674730731,-0.667336794066607,0.373515851495539,-0.147682043058624,0.373394634624968,0.531502328440097,-0.645236128419871,-0.394126467222623,0.497452001542064,-0.728166582636589,-0.722571197923592,0.323054123722785,-0.492556909632484,-0.025587847888274,0.101627646185358,0.164383772429915,0.230946288451684,0.520690968474106,0.484830562843562,0.499301978467229,0.439121491339948,0.222892688807097,0.423970605185792
"126",-0.867804819323993,-1.27186226710913,-1.07692740582257,-0.553387364139939,0.99548931613747,0.277675977705255,-1.43087437431218,-1.66618332338133,-1.34228934461057,-0.290987351611689,-0.347626499007031,0.0968007420270959,-0.236719788988418,0.790897880420842,0.195941179921719,-0.48442880911141,-0.588131458322629,-0.282567714827396,0.119372519409673,0.193086289032367,0.271271069788513,0.611607127328819,0.569485252742024,0.586483475246075,0.515795068721512,0.261811257267245,0.497998735544494
"127",-0.76034432365787,-1.28314237322207,-1.00592830729464,-0.662577905384453,-0.0729803394443683,0.679500234232414,-1.09848799705692,-1.5636001306893,-1.20006999358183,-0.317676607452585,-0.285082847552743,0.217976324587721,-0.352178802922579,-0.227162639181921,0.618523178415512,-0.299962967881382,-0.45185538828393,-0.0820050406094829,0.119198799403832,0.192805295119996,0.270876295412792,0.61071706993322,0.56865649431486,0.585629979707493,0.515044444350056,0.261430249533081,0.497274009756051
"128",-0.907544032786222,-1.17390515784117,-1.50604277447952,-0.928060630076591,-0.264279453540186,0.598075730288828,-1.09920198424083,-1.50566103459154,-1.11346568246103,-0.406480755860647,-0.122338092734999,-0.659004915942266,0.0168209556611079,0.315275741276547,0.840712889842375,-0.333069627403622,0.00786464329309788,0.0425617804437061,0.118149627392436,0.191108248502912,0.268492078213298,0.605341619342608,0.563651255328246,0.580475342355302,0.510511091511441,0.25912917517567,0.492897069924107
"129",-0.717788978372231,-0.913155242256499,-0.871678032006853,-0.943259713682445,-0.27370442162412,0.0124402592383847,-0.767574067075543,-1.28786565755069,-0.956375418528986,-0.565759023208142,-0.168070555796474,-0.385052267703822,-0.0136093808185777,0.462577792717165,0.319761997609303,-0.369337932923992,0.0137676373653147,0.134974761649691,0.118160128056592,0.191125233436163,0.268515940710405,0.605395419673464,0.563701350387061,0.580526932671372,0.510556463686014,0.259152205535575,0.492940876635215
"130",0.666223893280825,0.142801888606396,0.187524666769831,-0.762740841747079,0.115876973078473,0.105275276878466,0.329399377407971,-0.676891657212507,-0.707074505107274,-0.0324174846933719,0.0781600715125034,0.322533934637844,-0.170753962106284,0.287025892136172,0.17892147738803,-0.0941513368410342,-0.175873096904486,-0.196367011436153,0.168143150672695,0.271973291257939,0.38210111159719,0.861484283581359,0.802153168344045,0.82609615540506,0.726527415063059,0.368776414338851,0.701460242604919
"131",-1.47189123871444,-1.01117099527752,-1.75653327178919,-1.12510161607016,-0.427208742041217,-0.707448146480358,-1.20689035150868,-0.547061304895456,-1.26528156693073,-1.80010249731833,-1.19501607717054,-1.74529782016369,-1.11053048036998,-0.813419838357594,-0.8679502391067,-1.6951104001219,-1.11096126655562,-1.63490578151757,0.133030240720112,0.215177794996321,0.302307900451701,0.681582694049233,0.634641545922559,0.653584579400535,0.574808527905709,0.291765766105416,0.554976069830921
"132",-0.35809282602365,-0.27913350030658,-0.692857422354294,-0.493516183126843,-0.40844306318317,-0.388534968990951,-0.209421582634494,0.00368896486282955,-0.595145632509799,-0.709727416956118,-0.419423053266474,-0.793052485923906,-0.55010697769474,-0.52510245543633,-0.437456735550755,-0.670456084860412,-0.408336448675547,-0.790789624197836,0.166543651753392,0.269386085155841,0.378466290240393,0.853289223746498,0.794522508868779,0.818237732968437,0.719616162296663,0.365268347112565,0.694787446862174
"133",0.467475503446996,0.0932523271192618,0.492749077473428,-0.061791169595859,-0.410230634589421,-0.494495336089152,0.855695571523027,0.187950122597067,0.247376575859882,0.328553285646158,-0.48840094154114,-0.266190963600444,-0.401494650170431,-0.277222693653479,-0.441025851867529,0.570905924460121,-0.364409834786109,-0.330550379923741,0.116355750949249,0.188206634738616,0.264415538786817,0.596150662968173,0.555093287508781,0.571661932905913,0.502759955589477,0.25519479355002,0.485413369279703
"134",-0.430173441392613,-0.296956490328274,-1.09502972479846,-0.794697522287019,-0.299656565681372,-0.631265358616271,-0.260685342799124,0.0504485753681413,-0.676580069287867,-0.980497756198628,-0.743754298545476,-1.29251705977265,-0.836003333526495,-0.648485829635475,-0.776495970773446,-0.991057889754353,-0.708473527841053,-1.1415109154138,0.123893653105762,0.200399269707601,0.281545233226295,0.634771232483079,0.59105402735054,0.608696043224427,0.535330372801595,0.271727138268165,0.516860018484775
"135",-1.30519364050176,-0.687103766902226,-1.76392276016516,-1.11270988307129,-0.547125555543281,-0.783488831377483,-1.10777606531785,-0.321417849667852,-1.33532368844096,-1.81720727578241,-1.00662077980286,-1.83634644850806,-1.17905632286755,-0.891571571701295,-0.926818780304981,-1.77812841553856,-0.968795852876948,-1.69574572247127,0.106444632482432,0.172175297757698,0.241892769538167,0.545370879446121,0.507810748504467,0.522968085856866,0.459935140833289,0.233457442277265,0.444066127144623
"136",-1.40333228014158,-1.02813019551962,-1.43695704968688,-1.10422677085365,-0.759218452877507,-0.930080910498891,-1.11062492605915,-0.627070190037905,-1.35925471404224,-1.6993387439509,-1.38073955346001,-1.8118899781292,-1.07263061390154,-0.824240987028427,-0.95798170372248,-1.5853578460394,-1.20081573899873,-1.75278801926684,0.105616145489145,0.170835211447746,0.240010053532119,0.541126112287822,0.503858321873121,0.518897685622188,0.456355342838317,0.23164038067536,0.440609841919913
"137",-1.73799470876569,-1.16628513383977,-1.61323920712155,-1.12172845576394,-1.09110266586634,-1.0756710517157,-1.52144514067873,-0.845110477592034,-1.44374551678718,-1.64891976970897,-1.33598862091059,-1.87138517286906,-1.05171275163305,-1.1727981877776,-1.11047093799216,-1.6091561126656,-1.27381369053423,-1.80813770345935,0.115010972337968,0.186031441378316,0.26135956296998,0.589260666950614,0.548677811056457,0.565054964758798,0.496949320280354,0.252245386260079,0.479803216697543
"138",0.599517421771127,0.860009434609243,0.711494796640965,0.313780083102949,-0.140058475626789,0.0296247589872951,0.646371915983611,0.601239792283834,0.662405487992331,0.328043565777105,0.121218166514976,0.239128204134974,-0.00984785494252366,-0.478416344127774,-0.111152149356618,0.297669721134857,-0.0692143112762033,0.0130839014577053,0.110166642497986,0.178195687586099,0.250350944364969,0.564440660872861,0.525567178752383,0.541254517102662,0.476017522450503,0.241620662141873,0.459593622841253
"139",-0.0665242626081833,-0.64026172433065,-0.226745936474989,0.123388797723621,-0.40405500860605,-0.131489402915301,-0.271711759953228,-0.279071567594262,-0.0441353000150105,0.124803916098333,0.0146573924084055,0.349819315360486,0.358031342474522,-0.37114462812544,-0.117232133357244,-0.0326103744432566,0.13300313364727,0.4778736974133,0.164374667268347,0.265877730240847,0.373537327154731,0.842176394959109,0.784175029534611,0.80758139795235,0.710244227222727,0.360511267695703,0.685738869046195
"140",0.803947097026345,0.630981679865579,0.903256861670951,0.579717294895541,-0.395012496853451,-0.202069077026592,0.943446186680861,0.583007793839107,0.673756715413915,0.500785948068167,-0.219161718923609,-0.0224258705293681,0.253022903483221,-0.410882122713743,-0.210095943350695,0.487329726791155,-0.212956239006563,-0.131016737427926,0.135063924539175,0.218467299679894,0.306929396152195,0.692002307580248,0.644343552292401,0.66357617511833,0.583595844202617,0.296226100193915,0.563460199808233
"141",0.384526883178585,-0.192731929751077,0.118546141708868,0.685385837090265,-0.707132853402417,-0.502932515586217,0.319959397609628,-0.229791026294734,0.147005355715981,0.542130199555246,-0.327499187570141,-0.0104409480135127,0.0687668956297618,-0.843729604571615,-0.560489850518383,0.470000986025894,-0.430043656950197,-0.135199792802127,0.118480543073909,0.191643508052046,0.269244075836929,0.607037071447787,0.56522994028381,0.582101148527805,0.511940940504411,0.25985494900573,0.494277585236678
"142",0.642041063879562,0.242980268234912,0.627307896438562,0.331201257136142,-0.672692218130254,-0.113349840448658,0.757027239172629,0.120739007952952,0.465084238225739,0.444652529256223,-0.21540174266033,0.256313686603823,0.0951136800989924,-0.789352026709363,-0.162473116441663,0.471181772424943,-0.298175945594839,0.0130697968882647,0.101735231048731,0.164557792062971,0.231190772367451,0.521242181345852,0.485343813241661,0.499830548567506,0.439586353288671,0.223128647036695,0.424419428132549
"143",1.10141881090982,0.442178443801082,0.747345836678842,0.251363632642089,-0.83819081558176,-0.134075827147028,1.15059267190703,0.0858545865758223,0.321671303445037,0.66305414021104,-0.210177860338064,0.246326396943908,-0.0851213496539574,-0.901586526462229,-0.161156072930024,0.647027681087429,-0.439612835409124,-0.0731120404359335,0.101661056943021,0.164437814677182,0.231022213564252,0.520862149057519,0.484989954082568,0.499466127279382,0.43926585542081,0.222965966245767,0.424109988313098
"144",0.792363487410139,0.303203993663948,0.552258495592316,0.204302883767796,-0.739458451047764,-0.00697258914546076,0.815463047144465,0.0325301526287364,0.41930983179464,0.778280726418669,-0.0347731030913916,0.217680352019016,-0.0372896481188558,-0.842870124264047,-0.0506825669558343,0.71149286629344,-0.330270394526653,-0.0806568194707519,0.102700258522531,0.166118734017215,0.233383773206233,0.526186515971302,0.489947627566247,0.504571779374573,0.443756127158138,0.225245173164002,0.428445333458958
"145",0.512445777807802,0.870719838002168,0.79443296582017,0.348472582499439,-0.0112101658701316,-0.359530875960957,0.535283139125581,0.551181197522179,0.629471029586434,0.122970655461986,0.0699610154029306,0.153255546077127,0.00488740209351285,-0.216484601089448,-0.445366339691487,0.0629917545344414,-0.124960360689132,-0.0793519364323743,0.112130728007697,0.18137261628198,0.254814279645236,0.57450368628577,0.534937155514506,0.550904172660845,0.484504112374769,0.245928351208174,0.467787402323955
"146",0.444704144196097,0.638308424416476,0.860038379432671,0.463230867553927,-0.27451936043171,-0.158008406105898,0.505468823720159,0.345288754173396,0.746244862979922,0.434409506162211,-0.147849110024417,0.0771555076611802,0.0358417629632859,-0.39686510125736,-0.20951182523174,0.45820429625112,-0.230687548728368,-0.00998747834681827,0.109392954812594,0.176944239725392,0.24859275841785,0.560476658897764,0.521876180780339,0.53745334875397,0.472674506027382,0.239923787964748,0.456365949579962
"147",0.448488200004639,0.81236330670232,0.769040276989778,0.523636363739684,0.118306450501383,0.0134405165157377,0.453349774461115,0.599941701549054,0.511435965905147,0.236360201586899,0.109911434862164,0.111762204961996,0.171253994945669,0.0169342114164864,-0.0295549290058858,0.153356347771778,-0.015821403403902,-0.0661866014649454,0.165239844064525,0.267277162687754,0.375503419821753,0.846609142944647,0.788302490602488,0.811832057121093,0.71398255767975,0.362408798432978,0.689348216931702
