"","CEC.Ar","CEC.Br","CEC.Cr","OC.Ar","OC.Br","OC.Cr","Clay.Ar","Clay.Br","Clay.Cr","CEC.A.res","CEC.B.res","CEC.C.res","OC.A.res","OC.B.res","OC.C.res","Clay.A.res","Clay.B.res","Clay.C.res","CEC.A.var","CEC.B.var","CEC.C.var","OC.A.var","OC.B.var","OC.C.var","Clay.A.var","Clay.B.var","Clay.C.var"
"1",0.310318333916553,0.227151671284283,0.373281881714054,0.556482712528393,-0.601730547019997,-0.752222107314563,0.200685201311603,-0.198591006562315,-0.120341450669966,0.0510813994733373,0.0295707711835183,0.300169153652406,0.544719747541945,-0.571599127202199,-0.739554480198451,-0.051107931997617,-0.276584696877354,-0.0864238044972706,0.114576261430758,0.184294802205452,0.257569984411398,0.582430941151861,0.520738562660235,0.558968235655169,0.486370419124993,0.248551797677266,0.473486861236575
"2",0.0887167777621513,0.798620679798538,0.715628877796101,0.532338742682445,1.10052439605591,0.760785101108067,0.240258900829485,1.11990415559681,1.56741139279421,-0.202336122209644,-0.138223120775138,0.131389527335428,0.0415940952538738,0.435680843734799,0.500738775754472,-0.101380505875993,0.138383670413821,0.589549777750818,0.157381562395389,0.247914729355196,0.3433057135956,0.759569894971063,0.702841471195325,0.740426548640644,0.645639383608576,0.3370405390217,0.629835292728707
"3",0.644541996613203,1.40504337443807,1.45109343701752,1.16991411352034,1.16697314342419,1.29585345621565,0.893235851924671,1.54729585930199,2.07451133738457,-0.121401027915918,0.0752188661489638,0.547321258287324,0.582086606010861,0.608464971898786,1.07031844905409,0.106989647650994,0.401685866147971,0.904327137863338,0.156505884669068,0.247761851705799,0.342282882951701,0.778292348406741,0.689449851669361,0.748688609236935,0.641267768607907,0.33340262609308,0.633752871348218
"4",-0.443789627217495,-0.47914548994299,-0.458118529031374,0.315272704826235,0.572783139493229,0.0929846468769913,-0.294788291328857,0.00480185778951206,0.0686154905916081,-0.199165093686501,-0.169626771689693,-0.308201715215197,0.0547086540143227,0.458686903818187,0.0452149848231952,-0.162180812026924,-0.144694679573099,0.0635263991216979,0.12322169839416,0.19465011636666,0.274554114237422,0.62152340822917,0.55487847574756,0.598273771400671,0.518395774129876,0.265173934658842,0.50627475370444
"5",-0.744465919729814,-0.810736512260098,-0.836220219518204,-0.101432177930659,0.260140806893708,0.00502924132823047,-0.623087335724652,-0.419507464580556,-0.391352035274213,-0.384247420276194,-0.497624077640643,-0.666478645151425,-0.317566636825078,0.0916991506922699,-0.0657624644904655,-0.343830629009116,-0.49180178955793,-0.406115492188563,0.116941226108098,0.185401297159637,0.261237463826943,0.585366472417068,0.515935329814843,0.567225062796308,0.491991462623477,0.251050190472803,0.477753698873658
"6",0.300736022001645,0.824757880495115,0.820800295340804,0.367402128281651,0.589987613083461,0.166655893237274,0.436303034710814,1.01669885073973,1.27020557586279,-0.234957138173701,0.0738856451111431,0.235803778643844,0.0344466728158829,0.267313873262287,0.0275439959397592,-0.228179957131596,0.130098398467003,0.550459873691265,0.12145755328549,0.201101163106566,0.282797370489484,0.636809548114814,0.565906208797976,0.613627018032845,0.49104223046838,0.26987122948883,0.506065308935964
"7",0.656837450753866,-0.0376921328471884,-0.446082032341819,-0.190887776191371,-0.0661127631924157,-0.169854608865001,0.159352640394431,-0.533228951032669,-0.621116833985207,0.445813211647677,0.088800567887462,-0.0597866682152018,0.0975359032264465,-0.261167461982977,-0.25632005689816,0.256918424852956,-0.071702351557892,-0.297230499346927,0.136501540919957,0.216448586851653,0.298804765821299,0.685821343936141,0.613383619678042,0.659985320158502,0.571917000138803,0.294097477806269,0.557535012913795
"8",-0.354107970142829,0.177803899047097,-0.233541638028588,0.476253003743851,0.085939561369185,-0.12621423974568,-0.497434194936718,0.306299877793808,0.106171696103247,0.12087896089999,0.444020318335948,-0.0606077556628569,0.162723339165913,-0.157324244246738,-0.226726161749119,-0.0726955597135448,0.19374730987199,0.0980984543401402,0.115497631063085,0.181073626807348,0.251676059326306,0.579789537539612,0.510215955146884,0.557851232324836,0.48430305944018,0.241442557003847,0.460686789955556
"9",0.331761470481194,0.309701944642457,-0.242668975846313,0.0953230337551574,0.229267146098165,-0.104044086236708,0.475135920861836,0.635282561401794,-0.00973247975169525,-0.308235878962325,0.082725065098688,-0.23000917754532,-0.059841720309745,-0.00144824710806461,-0.203088514195629,-0.354238169233073,-0.0630330814557096,-0.150139424287981,0.115565953158001,0.187338051502157,0.252018309816716,0.565629716303136,0.523132585381713,0.564345420151189,0.492796074963569,0.251007172501473,0.475531401536115
"10",0.692178849849655,0.425448029459897,0.0414352821419154,-0.402200281840664,0.166835981102979,-0.132239113590366,0.826471221958666,0.672298275564575,0.0116201023357289,-0.0735177919128977,0.152887152118151,-0.102736748724647,-0.366864496605001,0.0983775658540538,-0.164659127306524,-0.186286948175386,-0.0596102683320128,-0.170050073472367,0.118207821154751,0.187781151719236,0.259559920093357,0.588273700725209,0.51692720076362,0.566740349611219,0.486690150964582,0.249804418188725,0.477048531980464
"11",0.0213557136664253,0.362545602965741,0.485538451314569,0.243799261303537,0.198760140607313,0.351437602604263,0.0270149959613793,0.512452343762168,0.226455221377467,0.1048596734267,0.487993171391759,0.199215539968462,0.31746175756166,0.658569434298411,0.547595583600211,-0.0682718321405825,0.461727327607992,0.268825991497039,0.147802125718635,0.23686919927723,0.327671353144655,0.743334898431302,0.665556065617833,0.716992229417986,0.621731623117191,0.315023822425917,0.602477250739277
"12",0.604597323234934,-0.169502416776731,0.0846263440666786,-0.162714302923562,-0.239685673820052,-0.291486431251655,0.176580901578071,-0.363311086848276,-0.559883256375216,0.513796694770541,0.0801532888371535,0.478056976072875,0.121818097871945,-0.498342162366772,-0.395925099179964,0.366429276971817,0.028584022294446,-0.251196362939064,0.128110151769488,0.201634450596589,0.27280512979567,0.642188577188498,0.574493159939259,0.617644210267772,0.536267666001864,0.276426350790795,0.52093367716553
"13",0.427061504904172,-0.474766892352599,-0.898906013043617,-0.287098534861885,-0.158225786057802,-0.237334740038153,0.0677837026964383,-0.632156608585897,-0.903474495027674,0.390840799816171,0.030459172323899,-0.208464455264698,0.102986437971489,-0.377888756722307,-0.327957082259689,0.264671477674731,-0.096520881402486,-0.346133684345714,0.14125849546432,0.225752402396284,0.308784541212292,0.709777779194547,0.637527759659184,0.682862367541064,0.594540418749168,0.304784640219902,0.576866679480401
"14",0.651722691674936,0.153868477953273,0.627512591094434,-0.212511412865243,-0.0199125590335312,0.968135426384215,1.12560308089764,0.967919849465921,1.43330951494954,1.01777414350292,0.799896012457044,1.00760426272417,-0.146652406278528,-0.0888112677262793,0.939524673995811,1.47848101560426,1.18282999048257,1.6407822688749,0.131912807267028,0.208554922834534,0.284528139638457,0.646061727570633,0.596405041120714,0.614704242116985,0.553303765510866,0.281751468553175,0.503182763417403
"15",-0.189577369623661,-0.559347957273013,-0.416831828001471,0.0968320157032149,-0.248211752135683,-0.0816876351659128,-0.160855756554785,-0.299782903304938,-0.162613614074864,0.0908860889577107,-0.0502225820074682,0.11730445947019,0.0829508069285558,-0.434149980163398,-0.159171375441846,0.127845962088414,-0.103225766178135,0.214683087297217,0.109048257476929,0.200465481943327,0.280961659967534,0.606009659180287,0.569207432420964,0.559860548853953,0.476033963245368,0.265803037962732,0.41075069830054
"16",0.321205989429824,-0.0457397302835372,-0.0150220653308352,-0.111623351647688,0.452200273539617,0.708438187446154,0.271928201024792,0.210854696672245,0.0318578479646268,0.241989171674339,0.527006809333058,0.378642214307351,0.134314713541036,0.661420517635578,0.796695713023454,7.58105748255746e-05,0.214390738029712,0.431019141327888,0.110892998467688,0.176777665892173,0.246533062595923,0.557481130713798,0.498180035818006,0.53721364770687,0.465279533048281,0.233876562469437,0.447204803595316
"17",-0.189984916529572,-0.780755547278039,-0.441096910472928,-0.897072048910977,-0.199764301864908,0.56708043956059,-0.117694462747625,-0.657056108489931,-0.470693599165551,-0.235534557870916,-0.0797914912828439,0.076078138455755,-0.445093693969588,0.0893239760856822,0.690925455128831,-0.40711242089388,-0.556758352069895,-0.0182196004643731,0.108529899356271,0.173042796884721,0.24073126149095,0.543143917418632,0.484523101095449,0.523596828396784,0.456367846032211,0.227494491472185,0.439468971634668
"18",-0.102018707910501,-0.567871371174001,-0.57433262082871,-0.114886283251162,0.804778740094628,0.974445326050034,-0.25527279145706,-0.426048636097519,-0.2575726317991,0.0203199861780616,0.0352261836447109,-0.074463707165223,0.0223689762024541,0.800616907682204,0.973450117127953,-0.271388902028797,-0.366123568611757,0.120798174434526,0.112339595201094,0.17755811703368,0.241342699661797,0.554435905515753,0.4869284568355,0.540403725682921,0.469599548105816,0.240866839204575,0.457236825368362
"19",0.475250766822967,-0.16476390499999,-0.0798564095406478,-0.326704958157699,0.0461636905649495,0.637270782667268,0.787430034785282,0.528474931995974,0.827684256539384,0.494073139537146,0.180217318958254,0.388773053380422,-0.232348020973334,-0.205504948163414,0.531801454894989,0.814052346053703,0.560736679274936,1.0604082745296,0.135752578634545,0.212023553472579,0.285676865367934,0.684182097627627,0.611351707049644,0.657372555833526,0.571154374521328,0.292726735549952,0.550534498590615
"20",-0.20417735121329,-0.350946820954754,-0.017778551768914,-0.290419281521141,0.103246260191512,0.43603096310354,-0.15390184057438,-0.0836396223817129,-0.0204053283312105,0.135445480748546,0.37165818985858,0.322194514092065,0.0035477611915188,0.348828238258525,0.542483982826899,0.00482151631481157,0.0675141423248839,0.315795422436157,0.129284377782876,0.207604092024512,0.289285059540896,0.654393279751681,0.585216789083889,0.626050883448184,0.545412666371773,0.276246024802061,0.530172099012
"21",0.541518926847313,1.19084104791658,1.18261828859578,0.592487118186972,1.20241379116566,0.781166591845546,0.635707696445026,1.40296228214203,2.11731712212887,-0.00185562460202728,0.198787784836223,0.531690072758178,0.12790332216462,0.669785862757289,0.55710823849803,0.0362276058014806,0.395831466266628,1.15876350540247,0.106863038632035,0.182227839301173,0.265135387072257,0.594881326196615,0.53488355240818,0.570409035947603,0.500407014393513,0.255122763315989,0.486127407737001
"22",0.431764119240369,0.881776493261665,1.15702336309549,0.459481763182252,0.87290955760481,0.908500399742705,0.944162840308629,1.36608817026331,1.85125975693101,-0.272289834217249,-0.183689970243918,0.481245770655296,0.0743368110875599,0.379421198629331,0.702402747650004,0.156484166956939,0.29660126962023,0.915781288468717,0.117990567749599,0.187388684938046,0.259907700792755,0.58180936293777,0.526724092059773,0.564663592254605,0.484918937677483,0.251717235637549,0.46594289204308
"23",0.641404155804164,0.817698425463316,0.850334385834422,0.164303984829695,0.437292231498226,0.110279249720626,0.69600604768415,1.02700981308661,1.34244993178218,0.236542742653582,0.0612886215255968,0.340541605653483,-0.116268253425414,0.00573405951249703,-0.072453453440666,0.187317489239194,0.155014474896021,0.531926945625616,0.108105994387127,0.171082885345657,0.23903827021237,0.542257742060592,0.484761919721661,0.514632748084935,0.452272094188113,0.232866029307865,0.440783860771017
"24",0.721628049929607,0.786057342682474,0.576514384865586,-0.0258016186934949,0.414273270096295,-0.0695422110393868,0.779862909943853,0.900696966950121,1.30522967084314,0.42132575140099,0.0555265463276291,0.0746963004494854,-0.294632480185785,-0.0271388056548467,-0.254945342270725,0.376232967632994,0.0569923011282511,0.494064642710504,0.108305536318513,0.172164548700441,0.237817072195107,0.537832444658909,0.485130176870099,0.51983365733757,0.448931096782226,0.230834683086494,0.43895399898586
"25",0.8161712332058,-0.184602102861835,-0.142297532296148,-0.130146971687089,-0.489912328815829,-0.21774878308912,1.08885817083001,0.71754541944602,0.722805157780566,0.515400069833628,0.103780592828476,0.139667345053806,0.0758036922083964,-0.438667353742974,-0.196818511987071,0.759451706779553,0.721073832381745,0.994314448310453,0.126604267214881,0.205072594873181,0.284734908901567,0.64658369168152,0.572821839820063,0.618477284523179,0.532087535147137,0.275202817108419,0.524758661533266
"26",0.297199293295994,-0.726630206442567,-0.289741984751344,-0.0327662675788718,-0.509564676136753,-0.114443578940774,0.450751296046554,0.521289866749733,1.01177877720469,0.130068227176529,-0.41825644074392,0.0734242266883203,0.137307909594603,-0.588146830371882,-0.15050589446567,0.310983078568222,0.613061438023057,1.25561322888257,0.119410091562756,0.188755143090025,0.25083938250541,0.600166930754068,0.52957020887088,0.561346944751666,0.497171558644422,0.256678450271156,0.488370129196235
"27",0.429683798006087,-0.579348200276941,-0.790978484991081,0.0377257835733974,0.00216263030150818,-0.302616860664655,0.325500570289508,0.165177480617004,0.476217470718869,0.450172957994033,-0.164649682094596,-0.332600737736465,0.153071870644028,-0.1689277680808,-0.373075828339195,0.395808027331033,0.349698428684905,0.733690254866278,0.119387515159715,0.174591359280363,0.254247237782756,0.607972633493898,0.538098627486154,0.583929560069149,0.503551441220458,0.257944580523637,0.473274536408533
"28",-0.777979018211295,-0.978556695243534,-0.767720417096459,-0.272099752188756,-0.244377451758902,-0.196767229160016,-1.07156545588016,-1.30454887503899,-0.90014023742796,-0.073465310676121,0.0440114800743899,0.0641292245275315,-0.126530172628765,0.0279238579072783,-0.0700452764319227,-0.0468989835298301,0.0145152622378684,-0.061735788320323,0.188282032271078,0.299937981706945,0.416261140223246,0.946016372934217,0.852459809011806,0.911128382195215,0.792137224218292,0.405712371210095,0.768744942010211
"29",0.112393200300696,0.648883651775577,0.77920532285003,0.212139085441545,-0.109263782157189,-0.0733634155865708,0.218562313276115,0.451884258345518,0.552074162066166,0.00691924551766219,0.0959952906313412,0.257166491539645,-0.0621921628674244,-0.203372826741045,-0.11326067456868,6.13432007463732e-05,-0.0808033792786247,0.0797733324962491,0.120667341409423,0.192313294750022,0.267398271653586,0.607321335396889,0.544242183744955,0.583427912086741,0.50638481384113,0.260159252860265,0.493459727151251
"30",-0.00709332767474319,0.194048397423905,0.183689815625277,0.77806466110993,-0.0702760581630677,-0.301909244194328,-0.0386174142525527,0.0278103071167779,-0.156257075201279,-0.152208815083823,0.117156225405954,0.238639634423766,0.663569842920867,-0.118354764401231,-0.321915766184923,-0.149920654418503,0.0228252433100685,-0.0897233171029615,0.114343549040357,0.182409695351319,0.254058158468334,0.571474684906234,0.509493973918673,0.548102183304072,0.476516645055856,0.240162962420242,0.465602751445921
"31",-0.11733850911817,0.043162131438658,0.10159045696389,0.521032141554079,-0.123386960347863,-0.361434159374123,-0.0911927745172394,-0.0768858672796047,-0.17889777482164,-0.0826328662272653,0.148805381065197,0.270089806216022,0.426057229950472,-0.127759779128892,-0.363242762312215,-0.0360864652692956,0.0474167445753238,-0.0277309449870073,0.118456829812337,0.188796147627502,0.262863918704643,0.583777698325326,0.528735432218415,0.56896352868831,0.495538823979693,0.252859670964282,0.482851511284913
"32",-0.0515638422069383,-0.505395094767599,-0.232216474195474,-0.619773558703429,-0.0226560754401836,0.294587578451394,-0.333988980330059,-0.892626130020818,-0.604250273079007,-0.0573929791516247,0.135755260573269,0.454817201944633,-0.215616335107698,0.133764571853594,0.353908867959653,-0.0638877130571118,0.00431634414130901,0.136557057619499,0.132754986873934,0.211534269699113,0.292359433456702,0.664105466371483,0.598562074306849,0.640940569727989,0.556401043996253,0.286099575947237,0.541206264205439
"33",0.297906974254135,0.531765686969991,0.537675703210049,0.387500251580972,0.0865540038190524,0.716490272898781,0.4056731502356,0.374409175221467,0.526338475112535,0.178441920067007,0.0811039106422514,0.199816845705614,0.0026904162051464,-0.121971606640152,0.623814674639618,0.179370347922913,-0.154247447091351,0.0873545575496488,0.124580404123481,0.196979522348625,0.269370700348835,0.626031588067311,0.554727866280762,0.586476263753096,0.524110626354763,0.268695855782603,0.509313096855051
"34",-0.0018251061041727,-0.31262440427715,-0.130770308614003,0.189852625607952,-0.452379323655302,-0.436284272697624,0.128029115951933,-0.112468999793733,0.252824284738594,0.0429713945914912,-0.772540071639118,-0.625847205889395,-0.157390067622849,-0.530406405153881,-0.469626039942924,0.0799074998462022,-0.560012258261184,-0.297290641412827,0.103717955500893,0.16472214744432,0.22872196467312,0.522221849232525,0.466034559908135,0.499962807308932,0.436909678357613,0.222979016260896,0.422374715424364
"35",0.665673891639537,-0.0820535160240564,-0.0573930217791516,0.941378549272937,-0.476562364785331,-0.574967739350899,0.485980141540519,-0.023572133301936,0.280404640106198,0.406006687159969,-0.664296809719372,-0.437998715891825,0.615320413794925,-0.571379394069958,-0.612974526562381,0.153597904011919,-0.476712436316748,-0.0240738612411027,0.104606401173465,0.166385345603607,0.231137442214807,0.511951436167374,0.470725776674832,0.503940643275961,0.436934851948709,0.224898971715228,0.425690422751751
"36",0.0407130337770752,0.646671869133054,0.855512559142152,0.364505840027098,0.121958739440615,-0.205562286374048,0.0709051698132273,0.500752943132412,0.356887887723143,-0.00289224086437165,0.352238648587239,0.383852628798099,0.29973980376397,0.337002509834968,-0.114716498841237,-0.0563651008526681,0.328142775774147,0.0935075270857742,0.111903132748427,0.178012876232846,0.247316858595791,0.560749011860581,0.500813279295117,0.539366519412124,0.468068556831861,0.239837383954578,0.454597482654894
"37",0.103980086339729,0.357409627709703,0.87902241256889,0.175757714254915,-0.483789906684954,-0.286930169520751,0.162035953126616,0.0937782697285983,0.320765520807284,0.120626868813496,0.0649672121425543,0.323023796353574,0.0209007865899944,-0.256175019361184,-0.191371450988204,0.109499030834812,-0.0806552391592262,-0.0405592364243148,0.129432282258578,0.205541296936238,0.286142095354434,0.649901050644668,0.582718822685004,0.624037904124049,0.542249469095546,0.27777816788232,0.526748603162975
"38",0.168869186330418,0.372585992065204,0.451945249917847,0.207208329009909,-0.10312689419442,-0.0665611328583968,0.214432019133499,0.231177309368573,0.434796311769996,0.0941474547775997,-0.00268674973852649,0.182969489669471,-0.0132732007696559,-0.266343177375046,-0.133685645762422,0.0265410038078039,-0.196974429872075,0.0310124270454085,0.118007654142037,0.187867586851426,0.260600644984462,0.591662905684543,0.527070460807935,0.569511872489116,0.492710671368606,0.253045447360302,0.480774263647746
"39",0.108726605701162,0.507981877172759,0.801149942135097,0.0606825809412271,-0.382640053363402,0.00786379198872579,0.18314718572074,0.163061929840701,0.433417859459893,0.00375728563857149,0.0340497788305598,0.276312528478414,-0.151072162306117,-0.341408741506356,0.0251276754821768,-0.0334074456334309,-0.234781416627578,0.0424642378617864,0.117511966346142,0.187403168051638,0.260409468374828,0.58941101538517,0.529960878052696,0.5689445487397,0.494343306021843,0.253166700296622,0.479781898637625
"40",-0.295271962840821,-0.0289111415649447,0.215350340049965,-0.38252446670743,-0.709324177715441,-0.55531609276065,-0.123427154815448,-0.235919422612135,-0.515817511151753,-0.237634546553564,0.14392158484546,0.141616792966234,-0.0688106062340967,-0.251718502019862,-0.363154242461021,-0.138180485587269,0.0359205134756321,-0.291368302814694,0.125893072368159,0.200558601359007,0.278872365302717,0.631173565899636,0.564936075022154,0.605358339779074,0.526761395719936,0.269371361564292,0.512637174438911
"41",-0.312420897832395,-0.236735101852839,0.110782674199636,-0.199465585699562,-0.729523229093331,-0.420884998213915,-0.268742021181253,-0.574720395865824,-0.410158540477039,-0.0925717735941358,0.0300450858315481,0.154568642790655,0.0469048766268026,-0.357582944665019,-0.265187092357896,-0.103363268335839,-0.241801879924818,-0.13261277290517,0.122853996745954,0.196701568134338,0.273727388386525,0.615691531425647,0.554228252414142,0.593922433819765,0.516561092028934,0.262177718318197,0.50224505605477
"42",-0.153824439727218,0.103019831503718,0.494315167937347,-0.048469602187129,-0.600047814956889,-0.322598815893614,-0.0231843545940641,-0.126485071712008,0.0983820338597226,0.117436663167841,0.00635656119129752,0.174461915059946,-0.149621569102564,-0.448296140623811,-0.258990646491183,0.185533447391955,-0.156630364704968,-0.133988212408389,0.143995785210856,0.229414118689617,0.318731637741685,0.723439554568508,0.650215904495599,0.69474981814845,0.604761492167287,0.310257552542197,0.58767208577067
"43",-0.0321963264818668,0.298023923160779,0.655384708951814,-0.0979995575425304,-0.433885363689006,-0.479391073042301,0.171830500124467,0.112167661786466,0.0812947590705711,-0.0118456517833091,0.185411806653873,0.275444668409746,-0.103366405449772,-0.0972599842321274,-0.337337100788817,0.110650054323438,0.113010182545869,-0.0688624285671161,0.134210629858326,0.213896135905719,0.297001523202351,0.673674096309123,0.602668333453059,0.647098363528945,0.56256368767218,0.288517585008184,0.547377992070597
"44",0.259393312030371,-0.291643883029349,-0.308946892888219,-0.607209091380474,-0.190145764538943,-0.147806114368742,-0.0865287911681953,-0.750504109110281,-1.03191094406781,0.316086589433859,0.284444651629604,0.502107664216028,-0.306005391314865,-0.291101365072644,-0.193099776735412,0.236556837458869,-0.00514167035365799,-0.142946549201025,0.134948440948575,0.215362312180612,0.299298084873829,0.676568224994548,0.604197365257453,0.650529956102349,0.564801458565689,0.289955691247901,0.550396368474186
"45",-0.471479044466236,-0.668559347750113,-0.469166437130675,-0.451878672790291,-0.305274623415003,-0.235085872997291,-0.8471743797533,-0.998685494277572,-1.10297426895211,0.0843426001939982,0.172502218677171,0.417155473802783,-0.155318729337931,-0.345341378743237,-0.252493931641118,-0.0243430767578754,-0.0455503879077667,-0.196123701379288,0.137930122198782,0.22005759516187,0.305869319910472,0.691482194822678,0.619824363410203,0.66565904271512,0.576492197530945,0.296335873357589,0.562784983825414
"46",-0.280070876038466,0.0253905090619647,0.243962226763825,-0.415128302237185,-0.514251744118939,-0.350852868684925,-0.199837002432723,-0.274113046736539,-0.303066888449384,-0.0822680169419865,0.175083553922958,0.185365296999478,-0.209491237827303,-0.16936382054807,-0.206809856260765,-0.0351405490636472,0.0134051718088658,-0.152675999936616,0.149846933551558,0.24003819367423,0.334022528242734,0.758439294404673,0.6810532278605,0.730093680356182,0.63307949114408,0.323723126745306,0.614695373695874
"47",-0.175447037075283,-0.000128489377594188,0.254252663512076,-0.322934817713199,-0.535694367805274,-0.3719494862188,-0.0974678024783354,-0.246102566000141,-0.306341955707008,-0.0694205445623848,0.0922128736224259,0.162406118644236,-0.177503372590069,-0.163789845803522,-0.216643342994158,-0.0483804429600393,-0.0177577394617622,-0.153085139352253,0.165174625590693,0.263241625896687,0.366411624471758,0.831251390813818,0.746413241093915,0.801295778535738,0.696109320527781,0.354175316785223,0.676377061611027
"48",0.726092710813908,0.235506158164128,0.117810183834031,0.0976065416311525,-0.0309937476588387,-0.260894281430654,0.847442277877038,0.329240902547135,0.513497792211883,0.372940071957286,-0.394531818928721,-0.290558319573539,-0.168914916935802,-0.210321085656598,-0.335132626787417,0.354628485860942,-0.322822345793436,0.0638588304489138,0.105433693591327,0.1695989301617,0.235620885422851,0.538114535829584,0.482995722023106,0.517846791813837,0.450738358109347,0.231624383949497,0.422189591958133
"49",0.887912521236486,0.085261391360852,-0.0928060159688078,0.586808920130031,-0.191412297400892,-0.506285410728735,0.824561575170956,0.227243246753608,0.489754435225329,0.496333469024194,-0.477501203811509,-0.391051266475403,0.230762696988741,-0.370020115251814,-0.580611135692475,0.340271045812191,-0.325546206890161,0.0953494085504856,0.101192481741422,0.163828753698118,0.227298180718519,0.509031780277465,0.463386050326454,0.496654315442563,0.429253628108375,0.221455866675105,0.410640807199927
"50",0.31840700552081,0.316595789720495,0.334572819881433,-0.10209362105313,0.0264180702662668,-0.26989493699697,0.602907460522071,0.429501230603255,0.441680788641094,0.0392202784469422,-0.472296044233056,-0.253945962383251,-0.37454972988047,-0.160907687791572,-0.347598579287144,0.220886985891376,-0.227844617660706,-0.0734032776409199,0.112421561758205,0.180468450225087,0.251273314014989,0.565710369458566,0.506238550329339,0.544459668312814,0.474187718823361,0.243148168983714,0.461364229704138
"51",0.301222252189667,0.32726218438392,0.390741284433365,0.0991001469202053,-0.282297357731546,-0.413994843176736,0.607841101404221,0.39261542756185,0.41227588945815,0.06847721638199,-0.349328551897695,-0.246214908299795,-0.16371345605241,-0.303746155883138,-0.422488696524174,0.259070630959144,-0.179099815480446,-0.112460846417427,0.120880771931029,0.191767501577543,0.267853947566259,0.605696981181638,0.541931636895434,0.58261129657811,0.505682684935023,0.259628524328443,0.492786014955975
"52",0.564896354822427,1.07144809116684,0.871434042885636,0.513845188072277,0.153197773588959,0.20432907964145,0.678499468787921,0.763886418423185,0.816101767924962,0.398099178362389,0.134196818470592,0.1159904218678,0.134911434663518,-0.12869428185764,0.0877155541976198,0.431616206760974,0.0155491287877623,0.019679126303751,0.131731069729188,0.210075655258217,0.291378620366441,0.655981628275613,0.592987146239727,0.636783908425003,0.552896475520807,0.282540071267967,0.537557715655259
"53",0.0117671053880756,0.894159809829973,0.292602219240303,-0.225985101239045,0.20615099861891,0.0866962947127246,0.24362281816095,0.805200236692979,0.603862788973607,-0.0350965774655301,0.110763216438721,-0.0352948269166277,-0.272140917592685,-0.261365168398209,-0.108508689571875,0.0330294918065403,0.0395519990734761,-0.0744643703399043,0.128264399743822,0.205026332114494,0.284402280531152,0.647056272460466,0.58134675132129,0.622068159315454,0.535712912916559,0.275428753930035,0.526036763668417
"54",-0.525331186782001,0.583052549405187,0.562796124911996,-0.149374545680481,0.319753307554222,-0.154075739856716,-0.351242876931167,0.551927998948074,0.0671671695353046,-0.167095436375759,0.708883168619266,0.369535822512937,-0.0900648899565334,0.599146971799597,-0.038983022866883,-0.0492970551124536,0.734714374832034,0.0387739882023343,0.10638554562525,0.169434345755436,0.23742520897305,0.520652804572927,0.473237345544642,0.521840252107861,0.453813098397383,0.227842565728522,0.43398799955465
"55",-0.0443179166013796,-0.405234131605944,-0.295117116446028,-0.0612658078525567,-0.0198810471646397,-0.104966774369256,-0.479856377787532,-0.85244156988994,-0.743405865718258,0.178430175251522,0.0890414749138303,0.302193026673997,-0.0779263039995467,-0.0424965697238398,-0.11507597316976,-0.0098593318117811,-0.15313971735735,-0.139506925953381,0.149478968170119,0.238394915541105,0.331239150734239,0.750961572005015,0.675239685256628,0.723732648589115,0.629017345301067,0.322129770480086,0.610546532401785
"56",0.0203117709301184,-0.0919340839318669,-0.0739060195528869,-0.478872681794625,0.106657995555891,-0.160880295853452,-0.31839885743143,-0.585090217359668,-0.418118311126605,0.261245842256931,0.184055757289902,0.325213382669383,-0.0434588019898539,0.134049924014561,-0.146869348425529,0.0459163617988842,-0.0636694286225548,-0.101206601130593,0.120721222180254,0.192841682138422,0.267908393521583,0.604327978775242,0.540663100425838,0.581822762843899,0.505284407902145,0.25927529602129,0.492086392319754
"57",-0.00149112791651299,-0.136507892535919,-0.0171366339314182,-0.150638618254781,-0.0492364751650767,-0.185599394666503,-0.377298327576666,-0.669722180960273,-0.537848128196644,0.225510908438006,0.0743234628789419,0.398398511210808,0.105284831474628,-0.123418117028661,-0.216384851869507,0.0216242438944522,-0.192922292389119,-0.165754538304711,0.120730278047134,0.193291516130259,0.269233761592695,0.605738108365618,0.540432873392279,0.582856564867445,0.506266464613733,0.259600482003882,0.493401903923386
"58",0.49252951367664,0.771954772242839,0.713067248642238,0.585908447256033,0.0042379993639353,-0.226376188658759,0.3564782395585,0.419906792667517,0.389663288915808,0.372522931678567,0.444692803304135,0.3815153016091,0.313968512667916,-0.0362745182476088,-0.239942760984635,0.161419879751199,0.0750116350791992,0.0327700515246357,0.118876160373125,0.185360641556633,0.264506499861875,0.593833013912464,0.537330036258254,0.568559705279678,0.500386244154688,0.240799228965583,0.486429800629441
"59",-0.269906594960289,-0.0164565938643533,0.534317019793567,-0.16020365250342,-0.194115775213314,0.046135065834578,-0.110232769557451,-0.063493651685755,0.323348649116599,-0.254092407233425,-0.374887587470479,0.212619892028932,-0.338856516791169,-0.327124654265487,-0.0089303709521368,-0.171244174972327,-0.434513499111051,-0.116788033244839,0.112409144547255,0.17965706603518,0.254249477916847,0.573362920357986,0.520301366721341,0.553509675303406,0.481556998371924,0.248745018573213,0.470153009959217
"60",0.192363389543343,1.10800721814412,0.76315569214438,0.50740263127658,0.941659023060479,0.528903311585768,0.369950650723083,1.29189374018375,1.27068636070036,-0.196694108000167,0.0675318418986745,-0.00847541306552339,0.110451204212672,0.494768368208649,0.410392064410979,-0.120087295076259,0.242978679344834,0.242318799218808,0.172694045791347,0.282239953731659,0.393031556322075,0.835004343305303,0.773473230221932,0.816626454846563,0.725645572671644,0.382589194092731,0.729047524052894
"61",-0.785501714291207,-0.736212740641466,-0.646202315212635,0.609989493832325,1.90571664074902,0.158746738028997,-0.405840174301215,0.0508146374457462,0.604706344057169,-0.313452874242977,-0.392514403042236,-0.367859585069397,0.365651666272803,1.58961741008062,0.0233364694299413,-0.0226605927465219,-0.0465879267174295,0.719839060044794,0.118509028452066,0.187327089887828,0.261238398146875,0.597458394541574,0.513425998627447,0.568493685084907,0.499615275754644,0.255975271878678,0.479220245624167
"62",-0.598045923906456,-0.936467517560904,-1.02723003099855,0.532687351995129,0.0809665351575608,0.254880598059034,-0.435753216941765,-0.18563877512951,-0.252426180528259,-0.247566287287544,-0.513855941528349,-0.712950175520419,0.310058949921787,-0.0121951896015157,0.206995733973373,-0.187717362761358,-0.228012640815144,-0.094021159938514,0.115120575502815,0.190224420438336,0.259828357978406,0.601003369735045,0.49425552058542,0.549683747376431,0.496395148260398,0.256542268646075,0.473291921318307
"63",0.418682162740533,-0.0207984689991415,-0.0612844167635161,-0.22744420478972,0.198836733747085,0.478412483599863,0.491429381245364,0.16609911397049,0.125642038697543,0.297325369548209,0.360081060632058,0.244980133729807,-0.168365543781772,0.227318733761389,0.49095529160325,0.252457575100519,0.0964592771791367,0.34597192810018,0.155178403713703,0.239022154161123,0.338949747578394,0.761934414904175,0.69866589915218,0.748687914121661,0.65132341623925,0.338237621078227,0.642767281935688
"64",0.632649482358554,0.322365673867793,-0.0318281010919377,-0.327091714342777,-0.0894926617861349,-0.376833418194924,0.918265306865505,0.781281647088701,0.213096736257892,-0.126062084418583,0.0613768645309559,-0.0876071840066842,-0.0771614103202505,-0.095691463812153,-0.376404270031746,-0.15717610767499,-0.0154753615130035,0.0325263530280371,0.122101335326915,0.194425346819518,0.270119496153493,0.611869097073036,0.523502990098614,0.589062849169912,0.512765597299701,0.263204522191294,0.498608693348261
"65",-0.239972236364611,0.311790368131738,-0.188625958354979,0.107084193680451,0.919451064060219,0.326119073936735,-0.0876238463159048,0.740605500666766,0.0761182290245241,-0.234056162121605,0.0889480402066418,-0.25947881782439,0.044547557236098,0.591271909238943,0.181945242753094,-0.298755192133888,-0.00800244529481652,-0.170936026945021,0.135593464641584,0.216244505844014,0.300750034652151,0.683495285880992,0.612098499935583,0.658148972593182,0.5718737878037,0.288260868659023,0.55553544189035
"66",-0.154549178359084,0.295287496589659,0.79256522311856,0.307817637150791,-0.200551354863677,-0.375317886874435,-0.194200228746431,0.390220975538642,0.269016840428919,0.180501336915347,0.418938626458782,0.49555502917923,0.410118693037884,0.199306531962372,-0.208702935700765,0.0705223461301966,0.586987303882303,0.224100075539206,0.105829629590937,0.16918132550744,0.235298319935309,0.527646132879021,0.481445427750665,0.51501488509614,0.447528901921489,0.226047060014752,0.434584043749188
"67",-0.74467422906718,0.581159847380293,0.778459493192668,-0.0872938069388894,0.358240801663511,-0.106284770791884,-0.459621353801906,0.60583292346498,0.244895738041568,-0.047121193916387,0.559367837304265,0.390479917283144,-0.0679610676485903,0.51038200988109,-0.045232638929032,0.174727385201784,0.645374868723852,0.0522733539175737,0.107490132190742,0.169749028609469,0.235092839010784,0.523182577352139,0.469812892717874,0.52283122477325,0.449451466682932,0.232075317566799,0.436228991355198
"68",-0.374718876291069,0.548395263486022,0.715489814142461,0.245282761047943,0.186452000769326,-0.151313252666796,-0.22646551784603,0.59794595592839,0.311805802407169,-0.122879392965909,0.522334875237702,0.355552630747082,0.232335076216207,0.48757541506445,-0.0246994121713512,-0.0496341912488175,0.650188829576403,0.185470664563343,0.11344425103332,0.181287822196985,0.251909635821982,0.57016246720865,0.511228425216089,0.54769585053958,0.475579295366422,0.24423543041036,0.46347803602228
"69",0.168373130738159,0.466215766204402,0.764556264993466,0.45117011968007,-0.100756347920052,-0.162744463259553,0.0572496884291858,0.202623649103715,0.371177274422745,0.0869025095023811,0.117913375015639,0.311080177008582,0.157539967680114,-0.0764502933783552,-0.151939229673299,-0.0562045255752873,-0.064178758585562,-0.0495613014380488,0.117207272260433,0.187481739192744,0.260481838545855,0.590177516106406,0.527140544011051,0.567174949038189,0.493224410933176,0.251649420678867,0.479718291443354
"70",0.00550491142359871,0.626625119024784,0.62463512929386,0.329336445572785,0.139360188449634,-0.155403921792885,0.152935199021793,0.722423079106468,0.358066678928635,0.0601121859635219,0.507231538585906,0.394548058975447,0.38204149857426,0.350953754971989,-0.0660720141313744,0.124606969002498,0.693314187314837,0.310680490455026,0.104380135731761,0.167978013343863,0.232909671806463,0.527401968983438,0.476569119964079,0.50946728061903,0.443700082369329,0.227490593831909,0.42926870028794
"71",0.161035360025705,0.465580117346506,0.637948260640887,0.197365487601717,-0.322524105341209,-0.32771984356749,0.304827700553241,0.395905969928003,0.174197057186833,0.0541568936686297,0.251668280764276,0.328690248768045,0.0890106173007723,-0.179358997120833,-0.267497364823143,0.142402486965233,0.256366901392125,0.0160779993149686,0.128209035117677,0.204758372709075,0.284140606203004,0.645828263154581,0.577152323300843,0.621047675765551,0.538895784905109,0.276073175576389,0.52463378752129
"72",0.113122842949455,0.432605037163285,0.295007274937645,0.415307455971145,-0.0915191844008664,0.0157182255684053,0.124425023935758,0.341827197720446,0.646091135092818,0.137872540727635,-0.0186275826437596,0.0753999843742642,0.128064211035184,-0.402938669136328,-0.115196610603047,0.0707584750600238,-0.13830374258269,0.131349831834328,0.120456260871577,0.191805508291455,0.266709801367206,0.603201387397942,0.54262047602938,0.567427026985895,0.506825342079409,0.259059795787564,0.491893835837053
"73",0.403501178571935,0.335572975007547,0.107034176835542,-0.0337525995169984,-0.361574675304423,-0.0449148142908109,0.587395028389919,0.356463943759092,0.375846407599664,0.0641388571013781,-0.350937434854825,-0.452514184598513,-0.169529138842384,-0.389232090399233,-0.0565231905404504,0.0572565462965839,-0.332679740766897,-0.110027590255959,0.127117935381692,0.202885652370856,0.274827580506292,0.622456587217985,0.573086351780779,0.615482060425772,0.532502853012007,0.274048315606821,0.520064148665716
"74",-0.150993474218701,0.400299840754719,0.681778651080278,0.229742081759525,-0.18858451380515,-0.261201368498226,-0.0612930564720184,0.173681994454343,0.193434221225587,0.0107880854418789,0.218182435017525,0.279499350977047,0.0965792604713948,-0.0357075182643406,-0.196376358536739,0.0361896286497216,0.0692114711572519,-0.0936365651589735,0.111132801849352,0.176999874148966,0.246114495145823,0.555914262354948,0.497518455167232,0.535088598929895,0.463100158985041,0.236679956199187,0.45194837571626
"75",0.0897526783072115,0.368640682558967,0.197861625271955,0.450823033379243,0.218135673283169,-0.077933349115147,0.0237322508547146,0.444440551431427,0.385916071656855,0.0605419924656015,0.426679474396595,0.252960629523884,0.353961030274652,0.207940511806933,-0.0826499132035909,-0.0765842490337424,0.344558987652021,0.316983848869618,0.117480329073425,0.187503922158789,0.26163122707376,0.584549550494936,0.525727656232138,0.563957044579718,0.490502685740985,0.251467483888301,0.477903576392209
"76",-0.83672142374109,-0.779818454331503,-0.466350976068448,0.240359848104852,-0.114988600938892,-0.135482779485735,-1.06532122839602,-0.935326112981105,-0.47641936726605,0.0447442979616617,-0.106495632655511,-0.00434737956716937,0.235941041814124,-0.169428608900333,-0.157382901457025,-0.0549735040957369,-0.318517281747654,-0.133389030962382,0.1617289848216,0.25736314975262,0.357709550713024,0.804820054946678,0.729551881915961,0.782191679101812,0.676832550490037,0.347636516451668,0.659886459812766
"77",-0.63354583779763,-0.692607891376662,-0.420069738202756,-0.256742819212447,0.0132618095264744,0.31250659489832,-0.699937393134299,-0.628085428996541,-0.361456041765554,-0.21308285374164,-0.329511562093762,-0.368823193293408,-0.0905177668698326,0.318764086858278,0.440308876127603,-0.446352261771097,-0.457441589410263,-0.123459717645141,0.146948224421505,0.233925448042425,0.323686269350656,0.73481147615993,0.660551276835543,0.709878685250631,0.615155655085912,0.310598091273562,0.596770425828195
"78",-0.240522199815989,-0.67838736154246,-0.463782050606584,-0.23428805300831,0.387825241764968,0.353616656223828,0.0991947089939714,-0.0601732515237678,-0.00741708282513298,-0.525941692895621,-0.476124043331839,-0.424181151248173,0.0681940884815043,0.647499623830384,0.465210317198732,-0.475492565484574,-0.326744057264814,0.124580541743636,0.153591493030213,0.253736669233753,0.356410140376622,0.808899790016,0.723124619809401,0.773830363690328,0.658995021136209,0.341530196051657,0.65569269375792
"79",0.17636655544466,-0.60733600344673,-0.507811945706165,-0.201317835421087,-0.359197317384907,-0.0440621113841178,0.247852830264504,-0.161038042804302,0.105841986325461,0.343445492279129,-0.133440430931972,0.030673256158865,-0.0621732700385531,-0.523118959914052,-0.113056116520648,0.485165163874756,0.139242820457284,0.508490499646315,0.154679815003799,0.245981608446496,0.33361291851695,0.753976732895222,0.686621027275238,0.746413019822947,0.637947554660717,0.332762023464235,0.630385992188234
"80",0.076565554016242,-0.343732643896097,-0.189379059703761,-0.238918579362907,-0.388008075173185,-0.346333957474331,-0.177231816411204,-0.618408888071778,-0.683469574679999,0.170254684802166,0.0680452946495757,0.21225040883402,0.137764395039866,-0.23694357601568,-0.261637266511056,0.112431230920462,0.0319065542943529,-0.181419172652924,0.176215146179362,0.281722269170878,0.389743739057499,0.883822169342472,0.795976762977197,0.847338544024249,0.738744584329986,0.380515469064858,0.720038994629198
"81",-0.682345156602242,-0.799365889923253,-0.457182782720461,-0.367775147619503,-0.0738698578879975,0.00555752723195635,-0.785797589620709,-0.612228936459097,-0.420193884193565,0.287893325755061,0.0856500541344917,0.19765569308058,-0.0120804247447815,-0.283692178324584,-0.0842883324398883,0.271213944105338,0.105748047080843,0.106285403198199,0.183940184482278,0.262067934444912,0.382856279317373,0.915178156235364,0.814431674768049,0.882857128042317,0.760479086342603,0.394465959048139,0.746463570809693
"82",0.644711359197835,0.739680867351019,0.101817493409358,0.446796445437512,0.7496276639643,0.347734826178226,0.70442922594202,0.87698913726664,0.496547780792068,-0.024734218497417,0.0106512863056424,-0.119905358347726,0.0595601224307834,0.203873057357233,0.121640858601693,-0.0171881544516726,0.0377702319656767,-0.0414063495922287,0.15971706968096,0.25476546724492,0.351563680336955,0.798220060260337,0.723067206291233,0.771782292977788,0.667616282629584,0.345732126698368,0.627933734210631
"83",-0.135162711303727,-0.556712875070452,-0.337293476480843,-0.182050751608975,-0.0714097701791647,0.0689818036481145,-0.150277373832928,0.0751801710358484,0.177748831264387,0.129750675616404,-0.112153607261175,-0.00857243437956352,-0.0275303369548096,-0.246168435744575,-0.00380758958695042,0.139223490914003,0.210540932976388,0.361752084624812,0.17807908151349,0.278112287631203,0.38478527914238,0.892196023930523,0.798775572980363,0.855140712609554,0.748397041771645,0.383694980873449,0.727631721016584
"84",-0.541791170209668,-0.914336739505122,-1.32005879661729,-0.665938887602615,-0.0850377562989013,-0.0238667575956937,-0.727075666467403,-1.19759601793813,-0.845778543098021,-0.220736268909071,-0.0484394674337565,-0.38031684366221,-0.0154841154482422,0.140452116999914,0.0827691742474728,-0.114273699118132,-0.0137235639570017,0.15345186417761,0.136936721907075,0.214455688175833,0.305997083777172,0.69246912816247,0.61502468743196,0.654591979128201,0.572520237236792,0.295064210170041,0.557090720871426
"85",-0.407051004824469,-0.725566216037859,-1.52376324146022,-0.271075218033168,0.357796702746604,0.434579253755961,-0.676250660358181,-0.977771004542264,-0.507517366028396,-0.182839177446298,0.154221985624063,-0.592152446354345,0.099036096122041,0.446182771535191,0.479536483740422,-0.026268169515644,0.295724156553108,0.437148706911174,0.116174456092316,0.184885146141839,0.256232662028109,0.580789465242703,0.510798639635369,0.557695698001116,0.484412796128927,0.248673365082342,0.472797048965436
"86",-0.921024363555832,-1.03685554792205,-1.53827071619933,-0.375006250502758,-0.160392444752241,0.0296328853631743,-1.13649595692156,-1.4071401390231,-0.595620722857079,-0.373294229013678,-0.113496110481918,-0.696712196684115,-0.000281562059347209,-0.0265043705125785,0.112081864102989,-0.166253125892869,-0.0855330432092975,0.27432118001697,0.115334429868971,0.183719030913556,0.254394410664872,0.57853982029304,0.518353024655351,0.552922719819369,0.483978085917377,0.245812136484308,0.468873673686363
"87",-0.84982312195287,-1.08329884541495,-1.58946329018183,-0.652781055004344,-0.269521200020926,0.0405572923172835,-0.967672162317707,-1.39317459338721,-0.824037518911688,-0.374210002447064,0.0260612100412813,-0.565732445098049,-0.130535084316131,0.0583264704991304,0.187964787619502,-0.109705909662852,0.108696629868016,0.227000521328182,0.131606388285449,0.209251737453442,0.28794183353319,0.660115842331254,0.590575057566437,0.634277314100584,0.551476140117527,0.282808505167435,0.53478947368347
"88",0.165059745230298,-0.254303506828126,0.364887350642836,-0.78378811678695,-1.00354649243069,-0.459184812998838,0.135749849962411,-0.695489208166475,-0.609575672132148,0.181935044726686,-0.0130911611943996,0.203435910325516,-0.323257646269417,-0.312681214957405,-0.171194795266343,0.154343178807562,-0.194817319920822,-0.170851228329222,0.156622644784719,0.249476312925043,0.346388994440044,0.776354526956521,0.704634651554758,0.756143193281646,0.657063336819008,0.336593585852171,0.637849334754285
"89",-0.904603963965159,-0.811361623556901,-0.804038001968927,-0.907316935120014,-0.534949627519324,-0.347203550113401,-0.916642784877728,-1.24742992861202,-1.0163917568526,-0.583750640321952,-0.028284622638768,-0.259398796655122,-0.466205923369963,0.060034986685624,-0.122007287530817,-0.247073213072335,0.0697899470166925,-0.0277014465870731,0.129975060425177,0.207336095820212,0.288239855572713,0.65415417497657,0.583558865406927,0.625229900502819,0.546699461609595,0.278593683898151,0.530601677281953
"90",-0.726678329690312,-0.856288069711334,-1.39089601329184,-1.08782222267306,-0.341801097578926,-0.476334696285091,-0.794133741294423,-1.24234943586667,-1.23550731656735,-0.367303308911118,0.144373506618318,-0.519412543306541,-0.243052685475007,0.303452271582949,-0.194465731092,-0.155369951395355,0.258385116342824,-0.0459724090023468,0.135170494518426,0.215226984297683,0.29829835038052,0.682067046558089,0.613051244027457,0.656673963513319,0.570488801604835,0.291753539664109,0.55248764748269
"91",0.324245764098962,0.389976483293912,0.205629327581909,0.516950205391088,0.481759447974226,0.328282405538499,0.299851714472251,0.707802250767444,0.713028421535267,0.0115556594935246,-0.0976157116611541,-0.118122635632526,0.203560473405727,0.182463148269911,0.206343331562069,-0.141417964700277,-0.0183570180721954,0.0837937271133016,0.165877425921966,0.263794382060778,0.366437931178803,0.797631684481965,0.723034386175217,0.802797176770701,0.694533209969947,0.356006203018897,0.672028441948571
"92",0.196831071455971,0.577758137385445,0.501766704783436,-0.234750207237287,0.0986399549256357,-0.277347866335224,0.30058156443125,0.523718042966837,-0.0782617247704666,-0.0475992823522813,0.476396608871226,0.416512849184316,-0.00414548416291889,0.326571715651779,-0.181915338654706,-0.0486016389033987,0.453909962616818,-0.0558526911424913,0.103268190241608,0.164811155529258,0.229043602939536,0.518087464174486,0.464191965030034,0.498107888616193,0.431317704642125,0.218533359942303,0.421413517775907
"93",-0.257319031158117,0.0885139806842666,0.133154109219979,0.522856969414673,0.355814968631817,-0.0886386983689095,-0.255571180490976,0.243691693393573,0.140693171854345,-0.231917806075648,0.163577651031625,0.179637963542204,0.425345925093974,0.336333171009607,-0.0976103960557759,-0.299393146918718,0.159428853905769,0.0646449740951204,0.117302918846296,0.187248386139207,0.26101011165728,0.588942709462521,0.523992843296898,0.565447611083095,0.491502359116162,0.251892557087059,0.477805807291591
"94",0.0550943027320946,0.436741953750022,0.124875589457569,0.0976101958736886,0.374325561710206,-0.145299629159541,0.128559305332217,0.610833758195818,0.677004740231639,-0.318666775088174,-0.351471949933163,-0.321813819127426,-0.31940443914534,-0.143945295080286,-0.361435508238811,-0.289933763131384,-0.2313412473427,-0.0313568611837866,0.12746787051405,0.205077130858507,0.284187364876512,0.649032947906769,0.581005672654065,0.623147337074858,0.533059277340521,0.27825804854423,0.522263523861733
"95",-0.919662000361524,-1.13534216876569,-1.25494204139056,-0.464754359474404,0.110853745547556,-0.116265138617491,-1.14935605515189,-1.36892862671658,-1.01509998548791,-0.384785463262067,-0.121349354477648,-0.379593833286123,-0.168935825753426,0.35234062328697,-0.0304337500083444,-0.213102730019482,0.0394360232720773,-0.0284161661320371,0.136502333419077,0.218690739142265,0.303572518497272,0.681236936888578,0.615506660449546,0.660435707839796,0.575467871363668,0.292572763058257,0.557917012453672
"96",-0.0794623321347528,0.707478340542679,0.69679032011073,0.00995589631338765,0.404752535459094,-0.0127126835356187,0.0864488707831664,0.747261278244264,0.362201306786986,-0.0342617232140396,0.643326716672219,0.381725337295499,0.122196864364798,0.759536433375521,0.135975160371455,0.0219706362548226,0.743649775058672,0.332950194051551,0.100035466837484,0.159384863712765,0.221946871124816,0.500095740370633,0.447239177856528,0.48071786805934,0.417191607419355,0.212114793265715,0.406740132676553
"97",-0.313963450589452,0.735128356312384,0.808155650801035,0.0801651808970127,0.23684306033452,-0.117093345779023,-0.196955779921315,0.799948627715485,0.323703452761029,-0.216004849072325,0.68789924013083,0.409202316410853,0.156528872026965,0.682259463336749,0.0693416561345348,-0.197971995884942,0.844651088406057,0.299045851164301,0.099262157702495,0.15837502352541,0.219901249745369,0.496949130394069,0.441040184974925,0.477058226796789,0.409063260579485,0.211879811953906,0.403912657094803
"98",-0.192649092099549,0.612034078670648,0.705330295967946,0.144712307417847,0.247736273129663,-0.141866117219998,-0.0383326981848055,0.660799275231462,0.239128422608679,-0.0231658796818068,0.611803489634129,0.339319860955257,0.195151363166245,0.666684840352335,0.0334624406495913,0.0415928779778012,0.748545751076692,0.22590440662205,0.100064661309413,0.159419720663432,0.22210038126129,0.498357552606123,0.44610655832382,0.479283506361334,0.41420171909739,0.212393356774737,0.405365941070728
"99",-0.180702793865116,0.638890393723526,0.702025037511947,0.100355785525823,0.323062533993018,-0.00338697611890926,-0.00055854329724532,0.736465947153652,0.299961803920434,-0.0172549700103156,0.614942763556476,0.37550118807135,0.164062575889957,0.691444148031268,0.151080143678986,0.0723333371816504,0.795281128390023,0.297173502564687,0.101585147026918,0.162196087579582,0.225865605046731,0.509372615894252,0.456028570337829,0.488290916765306,0.423858754016643,0.217204926934175,0.414770727171794
"100",-0.311740127673951,0.586357663183603,0.793413460298396,0.315325871356098,-0.100118572344593,-0.261025381981286,-0.143596392127398,0.68552942276432,0.384849204870623,-0.180025649131525,0.520923073553753,0.42780079223535,0.366748398273229,0.266462525473275,-0.107027360563171,-0.0884121254518527,0.734223340058797,0.283961588967804,0.108645902300377,0.172502018325895,0.2392878353037,0.538356626205462,0.473434747290765,0.523972853459853,0.438868390366604,0.233551288203718,0.441683455059988
"101",0.0590787921569345,0.656335281188152,0.387348460943018,-0.10931499530197,0.257783225296248,-0.162486106469188,0.134145852488549,0.592397644834829,-0.141327666124802,-0.106037010443161,0.625392161792743,0.439622170163642,-0.0520745036397149,0.364883863164614,-0.117534198083925,-0.0848412256766503,0.570136827404204,-0.0707751865328494,0.098875903852636,0.157720347920633,0.218389480677594,0.495265439227338,0.441724975377454,0.475521654856189,0.411185897289563,0.211796350365262,0.402807945085649
"102",-0.441140693769991,0.297421518459522,0.361596947018512,0.255251283179877,0.533435849398149,-0.107244096541703,-0.480597662051143,0.331135833434393,-0.101001385454746,-0.0670767917085799,0.56757649609686,0.442195651326517,0.0740839129243773,0.581546789857493,-0.0873566758513302,-0.0857926088976171,0.562080140713554,-0.0871541807020123,0.0973173509905302,0.154541773123519,0.21463055937765,0.483885457644494,0.435443392998204,0.470083392295742,0.405439576455811,0.209386913954612,0.396563821989804
"103",0.592839582524555,0.924495664405488,0.64663103311161,0.190259545491579,0.100961145332533,-0.283804873490879,0.616083070821022,0.823587207552655,-0.10556601052654,-0.0436230127483065,0.682499968581104,0.479481171377987,0.156798741993831,0.431111686914781,-0.147329600888172,-0.0748134745993475,0.64449500824522,-0.0583423961952388,0.101586486896107,0.162040981941006,0.225339563335744,0.511765098971169,0.456107289030075,0.49296214167317,0.426980290679705,0.218919217029951,0.415678449423422
"104",-0.14377641563402,0.379283755441532,0.417240826736494,-0.291386927128798,0.0536626147575557,-0.374844660821847,-0.0601115620112096,0.292201675795997,-0.271963024129346,0.0236045940916086,0.557314237253711,0.443681669218446,-0.189355555454998,0.289743317959778,-0.276474013374782,0.0523079681873825,0.485016696247602,-0.204098224855584,0.102444627517748,0.163262454690813,0.226640473009638,0.512430121822749,0.460690912116066,0.491555104814572,0.426886766079479,0.219766204312582,0.416593537845574
"105",1.13233958878174,1.03934447624021,1.08070331028636,1.10995444845849,0.750929373816104,1.30102961611795,1.10680707426477,0.97913545589128,1.39994707669621,0.662401701691035,0.180526945092247,0.483503274800194,0.665012986211914,0.328464588274465,1.10763772392413,0.554843172070205,0.148895274198731,0.459393676882107,0.134146929346772,0.212512839412279,0.281771981547994,0.66994888162857,0.596295123913,0.613776470062913,0.549888475696967,0.224388939475201,0.517172299295165
"106",0.746997533277686,1.76440626972117,-0.551859881150493,1.25895290276514,2.04572018784728,0.378932916454645,0.494984054292864,2.03080549534851,-0.100822027911767,0.716472535419786,1.19878065836029,-1.01805444770083,0.765045701865645,1.68275116973357,0.271534473467949,0.344724810570848,1.26487055915147,-0.80670061141438,0.130260379467962,0.207266574847209,0.275636543683802,0.652895524600509,0.591228154495497,0.602520818815117,0.549218774870711,0.257288055233592,0.510527592971646
"107",0.0631789032543757,-0.341202352310521,-0.112305971558914,0.186010733149177,0.32619524260296,1.13913534645005,0.53194101040784,0.508974822256992,0.602077935968834,0.560432083449915,0.338659805079801,0.495710498415075,0.106566614993742,0.129532162137672,1.05715847421423,1.02634186870375,0.755082027390875,1.092831750151,0.141259768308955,0.224403293028337,0.313172290162982,0.724331171236421,0.651988403942028,0.695267825477635,0.606911424210913,0.310946201509794,0.58971163576714
"108",0.230417190287511,-0.381423207544739,-0.323644051082673,-0.0904970357690481,0.52512115549316,-0.142432837446254,-0.28270991508273,-1.0060122839878,-0.945017245187238,0.189412494284881,-0.0570706531137709,0.286303434018513,0.0167794480843704,0.250276857664857,-0.273187015913997,0.0626204820461977,-0.355571153687547,-0.48311341027103,0.127692080262819,0.204038409693356,0.283146396314907,0.644893456183561,0.576554283072914,0.616902663717388,0.53821569988558,0.266258266253778,0.5225099640768
"109",0.322066229236725,0.426117304727912,-0.0950056010266997,0.0288327416781058,0.540416590062325,-0.192374580596344,-0.0359259118188138,-0.176797954021464,-0.856175175433935,0.185683001327878,0.592234292854254,0.36519631463309,0.151539973019236,0.291995089619978,-0.307866380884002,0.192862896609044,0.310359347226742,-0.557122013720194,0.126988177973928,0.203140766362554,0.281880236177426,0.635741348937328,0.554564451188509,0.610831646422788,0.531337634777588,0.269872274605826,0.517271718280429
"110",-0.49904482363027,-1.15465174849563,-0.870414304853585,-0.328241906446522,0.0664011977059957,0.541913306698875,-0.873203020346607,-1.32450465055321,-0.844292947009775,-0.000235811384753875,-0.168374339895507,0.0551037015426962,-0.0137859262314257,0.165625502498383,0.580141386915615,-0.0149204468167232,-0.101074133980316,-0.0148365263903455,0.105343941338465,0.169797557882295,0.235590164416419,0.53793253099167,0.483086975808055,0.513939638417852,0.451686407909823,0.230140438760723,0.437521592618676
"111",0.241663131591595,-0.513597540819021,-0.357734228949417,-0.555530531460016,-0.124025017224312,0.0674288172270654,-0.115828171160408,-0.987172543283088,-0.802671396592815,0.198592388237901,0.113813483182536,0.4207616686921,-0.195985459142588,0.0831131015126505,0.174441270990278,0.174821044393003,0.0122722738324347,0.131347219667856,0.105332228969659,0.16768816140778,0.232811207728079,0.528492297642147,0.465600264015246,0.481728813441423,0.429301265569215,0.226696963947591,0.427868242946208
"112",-0.343678131961555,-0.67129626259513,-0.261141043064493,-0.546079335551406,0.222040921457706,0.812693693542453,-0.715350543040465,-1.04254798850818,-0.643971006113691,0.0439747091028332,0.111674670483962,0.466787310786473,-0.196904605141523,0.325778435138658,0.855714714197566,-0.00411208620045408,-0.00520698325592871,0.104668173591416,0.108349160943735,0.173037631374517,0.240119535994411,0.544292954118877,0.490216883074204,0.516597792680457,0.454686491509784,0.233976157592525,0.441840106548384
"113",0.271433917366864,-0.630233806035583,-0.506186461117944,-0.291544501365028,0.157759357418859,0.275425560084999,-0.206760449090773,-1.13259465488768,-0.904346647659486,0.316224179339019,0.0237015007988823,0.264592575744046,0.0512923825174703,0.28924064070191,0.350502278184936,0.197280863037426,-0.0901618387665601,-0.0447056233622095,0.10422919427009,0.166332834201145,0.230682620097347,0.519760959852888,0.46888721306091,0.484950138135448,0.426066679181652,0.2241106594193,0.420019862067229
"114",-0.132548448175803,-0.712301363751939,-0.645449229901538,-0.17323305188774,0.390139773121594,0.541266551999576,-0.543271880725911,-1.11331423190256,-0.880991845095154,0.246643155970232,0.0668608952529947,0.294333293469244,0.107041122108931,0.328496972357613,0.511424635378321,0.206199876546631,-0.0113718416795993,0.0149653282200574,0.101911499388198,0.166614403182689,0.231696031857122,0.525794369939215,0.471034327622026,0.505268270419895,0.439062284608898,0.223990136345401,0.42703239162435
"115",0.22667245890544,0.215166601614694,0.399088363930822,0.303806487527124,-0.261018459836956,-0.29403006154421,0.387409680330025,0.375366669389721,0.558982053812896,-0.00444720074713039,-0.447137595900991,-0.367035674780762,-0.0218850881425896,-0.271494272931679,-0.290835292985194,0.000593696267656229,-0.310738972841541,-0.156093005830423,0.127024806105972,0.201709443739046,0.280169508816829,0.630439833262203,0.568629447456029,0.607352192906478,0.518272127290163,0.271163329446563,0.51419580990207
"116",0.243156047757216,0.197442933472949,0.308132340111113,0.0968087534638804,-0.334674463352807,-0.385836034079856,0.484544375027708,0.305054995605836,0.26917783724406,-0.0572376603568063,-0.513432921495453,-0.317859270672894,-0.200746143376095,-0.306683112797346,-0.374153553695568,0.065206542604767,-0.273709007025579,-0.140566920576228,0.109579463367939,0.174136888081886,0.241808711778478,0.54786251414253,0.49262419658983,0.528506887636262,0.452244740759449,0.23469803107913,0.446269125432041
"117",-0.380687508574566,0.0415400685217254,0.386673833843776,0.131828954149431,-0.514090681577424,-0.278393753061789,-0.154831355624862,0.212742944722106,0.489594167733897,0.0235482356557876,-0.374541882257464,-0.332882992095241,-0.134989907467198,-0.430839728376673,-0.250771631115291,0.11522654851776,-0.187295164663392,-0.12199599206019,0.114390047677352,0.182186720555036,0.252965784178256,0.575928141033653,0.512747224188393,0.552824385964625,0.481368820857298,0.246786957530683,0.466307471203436
"118",-0.17661359336359,-0.602364743385775,-0.139403824750813,-0.90740484245282,0.0229661667433681,0.206690072217441,-0.545461121133372,-1.20358280981825,-0.830540706175858,0.152644425678375,-0.0714869542134469,0.214868962183648,0.0166155764968521,0.299408686127985,0.324704105575699,-0.0105993975960821,-0.243733047223365,-0.0799170252838648,0.123868903193886,0.198433723906468,0.273616529903325,0.631239272351905,0.561824690602696,0.607399224438227,0.522863989591422,0.270786651536948,0.50541836333101
"119",-0.0263893183048687,-0.0894316205074938,-0.616649558932551,1.51043807098311,1.39415458084919,0.81129095183846,-0.188572486308222,0.0343375536723275,-0.624674053154318,0.598889614450022,0.490932742422399,-0.309622411091184,1.05158679773837,1.30603875036795,0.762765596548534,0.345458202475668,0.408140803677448,-0.265535600909823,0.152278030008406,0.242856614337766,0.341236995976586,0.766266126133498,0.670322021953898,0.73775809669005,0.633866187647121,0.327498493209172,0.62154666700543
"120",-0.0586543644718754,0.546720504928853,0.689650207718612,-0.0723210672009437,-0.0678367349961996,-0.246545911836471,-0.0202694029499804,0.389549385441163,-0.0871670156634801,0.0142187536065961,0.607889461105503,0.511836180258165,-0.0490829693860361,0.244901951997126,-0.113946386292844,0.0101605754693143,0.528579593165514,-0.0646458293486177,0.100692135127904,0.160343092078067,0.22315618748028,0.505363447466626,0.44879995614342,0.483484371548937,0.422167571855843,0.215171703574808,0.410849247381906
"121",-0.344627111974431,-0.813810594080852,-0.297005876930736,-0.712190515864984,0.042884739484301,0.541049507933929,-0.797005841180919,-1.2968302113236,-0.626806818202993,-0.256822189998722,-0.164964215143239,0.341621587972526,-0.317709346987382,0.192343703933954,0.597719725439444,-0.380775368788358,-0.318667807871618,0.0819671674046042,0.0994093158732384,0.158726693446219,0.219375632020585,0.487315268709426,0.45155629720315,0.481620999897964,0.349636888231184,0.210360711234405,0.407082960806964
"122",0.690578451432149,0.249517290627231,0.163615608380883,-0.240187175415668,-0.498166415921691,-0.574770426158209,0.882094185683461,0.326824523673456,0.444806438738506,0.295017747812056,-0.394755464258873,-0.360396798489389,-0.505252461727075,-0.542044581609819,-0.59214462973852,0.356426494693819,-0.285713870761109,-0.0788091396915997,0.103418486099487,0.164976532222831,0.228832047895107,0.517804904631868,0.450710426577298,0.496999874787346,0.430589798101699,0.220272822623112,0.416291449408606
"123",0.306532014464793,-0.0842048459750516,0.102082847764026,0.0382472241231507,-0.0401713564138377,-0.290726953705679,0.58418343948626,0.103416522698224,0.45132537697404,0.00948570103348728,-0.703063769763285,-0.404259856064979,-0.238608394106785,-0.113078397754076,-0.319839152165421,0.164106427579593,-0.475398467862569,-0.0505321971707537,0.100870731559015,0.162422117503799,0.226091845647045,0.502696810301248,0.459179748934507,0.496374408772772,0.430104906901475,0.221321144393682,0.416103782307096
"124",1.02831054135037,0.410921584737825,0.105621451876023,-0.194308602369282,-0.37206967871317,-0.48073164191306,1.15642665924754,0.427027344766661,0.40545337553347,0.331702928063231,-0.514029317747257,-0.423047659754986,-0.222658451314704,-0.477272612290171,-0.524252614216586,0.297118130293654,-0.352755765656287,-0.0108900894923988,0.101019908203738,0.162864075998131,0.225961449795997,0.423230904454235,0.452171285695248,0.494113382610675,0.429845532003163,0.219614898874957,0.416555038891796
"125",0.413362676716071,-0.135580853001449,-0.146834068783197,0.876103798859971,-0.382202139137565,-0.460300506970608,0.268594251036717,-0.0064197107304283,0.398320262574536,0.422295138717532,-0.483354111713392,-0.443715767549833,0.433751646981398,-0.527546683307815,-0.521197323069064,0.224151333091732,-0.350299758666102,-0.000693290435623615,0.103156945831376,0.16467651673191,0.229352334159309,0.518254712028591,0.466654281314765,0.499981409878957,0.434454668451804,0.222459881510201,0.422779690351064
"126",-0.739597963605062,-1.12590159656625,-1.10264154938547,-0.337802410343233,1.14280095990948,0.0480761789843905,-1.34979804134565,-1.53412627265028,-1.50319437836226,-0.161584991501258,-0.237230008864478,0.0704597032280361,-0.0756970405055912,0.676945069679507,-0.108631913809178,-0.388974400121845,-0.498673546020866,-0.449247226337862,0.122645970589114,0.196015644001506,0.273039713794794,0.615446364398272,0.540823610591712,0.576981891113763,0.514157076708381,0.26252078663489,0.500282385737029
"127",-0.683316537788057,-1.12390861790871,-1.05026180391667,-0.455965926304159,-0.276530183945722,0.346535036143702,-1.05668517222394,-1.42267924423957,-1.37683851173472,-0.188195683449427,-0.127007081694622,0.181741424419273,-0.146986787016502,-0.298562798489107,0.31213955596007,-0.21815614298897,-0.317109179408466,-0.260396279747577,0.121762766831519,0.196360825622352,0.272985057940535,0.61548643859872,0.519091712114115,0.582287222445429,0.513418846508849,0.262673566166685,0.500203883067634
"128",-0.841877967083063,-1.40026911253533,-1.61569960008174,-0.860468193876501,-0.56873796579626,0.24978561651436,-1.04983122292731,-1.7490030130955,-1.16533024194909,-0.309220651139244,-0.315229759554099,-0.734322510992839,0.104975873757448,0.0871444384676086,0.46587922892183,-0.252957830107235,-0.197345288263213,0.0346838388235612,0.120206854807357,0.191639004075317,0.265129779525444,0.605139306251666,0.542838488456492,0.560178468106124,0.505822413838294,0.259323806314606,0.490480785751699
"129",-0.66134401908454,-1.10182680026069,-0.850352945647257,-0.884681403359435,-0.483042731915051,-0.379810832194669,-0.709524793723381,-1.50327291239486,-0.950776854164618,-0.466954207460093,-0.33609129475638,-0.38075750547475,0.0708775038577386,0.260546118369358,-0.056039963176805,-0.285635552588635,-0.188612543964884,0.124375829672722,0.119933552301917,0.191717492597111,0.266643998682021,0.604541815348697,0.542300458533082,0.580665265109381,0.505215640272881,0.259276817529609,0.491207632960483
"130",0.816314441625695,0.292532185085532,0.239891353889859,-0.643156251888913,0.01127216298844,-0.11300383869275,0.442920680763832,-0.587370835267668,-0.787356337376008,0.085533972191725,0.197563558900314,0.336333492770675,-0.0576322075339663,0.190260903671357,-0.0641251138403815,-0.00497751685770993,-0.094585078964327,-0.321266952603443,0.171764893551888,0.274199882501375,0.381743802877553,0.865507522939745,0.774448364298044,0.831791485408157,0.722664268450822,0.370178261948066,0.70182023661192
"131",-1.3663900625677,-0.977183998664221,-1.70529482387794,-0.996643241245043,-0.373595116252711,-0.605994412607936,-1.12413899003271,-0.503205556317624,-1.25731127969347,-1.65467657138532,-1.1478762157231,-1.69222860538897,-0.979190152040201,-0.704576099709645,-0.743629836437055,-1.57195021405555,-1.04671594400345,-1.6309657210176,0.13615778087584,0.21704203796788,0.300971182482345,0.682428858892969,0.610661569570519,0.65684930890367,0.566046531272194,0.291540434348896,0.55435844672301
"132",-0.191730920243565,-0.182512317599596,-0.581248624273325,-0.351989020471118,-0.321203452621217,-0.297675093004744,-0.0673022588313754,0.108095426662656,-0.571935242018879,-0.567652872593759,-0.341412075175247,-0.70056466467859,-0.43152667236459,-0.421534186097414,-0.338578663893923,-0.547696092960228,-0.32288223836487,-0.794374313234954,0.169835394692642,0.272496079915598,0.376063015133645,0.854038824116628,0.775286765707572,0.828216589950858,0.709867956469549,0.369292720236585,0.676753891011143
"133",0.306408307228654,0.111124242512102,0.406390293922466,-0.202609275647695,-0.249014966904862,-0.296858728021236,0.727056756378233,0.212382650338431,0.302868946919233,0.14297358009334,-0.468489459813949,-0.352020746050881,-0.498439118369406,-0.166929625680427,-0.256661417006871,0.402534379090476,-0.333713690712392,-0.272523923661042,0.118253083329253,0.18929057495208,0.262480714843226,0.583924322543061,0.51927321490446,0.572507638384495,0.487002507523855,0.252516418929028,0.484163239914982
"134",-0.237763651186058,-0.144388413532367,-1.00729412193913,-0.634995242628456,-0.213828650473311,-0.507727048016766,-0.098203519431595,0.199261145909967,-0.652391888912448,-0.84552407260974,-0.64336467483482,-1.21655272088785,-0.707495397364457,-0.509960465345237,-0.63163147218366,-0.87951854590126,-0.611759763058521,-1.131357445213,0.125750139619863,0.200517223230458,0.280291983245407,0.635050168403907,0.57056877037702,0.611003926212299,0.52054334816974,0.27138806030744,0.504966226912786
"135",-1.1810956543395,-0.606561132170589,-1.7034519972741,-0.955359193295078,-0.460969693235524,-0.650645752197514,-1.01112473806935,-0.229747415069647,-1.32805578196319,-1.6678793526977,-0.953653581740913,-1.77766154315077,-1.02028035607442,-0.741108861723269,-0.767385938005805,-1.65681154871171,-0.90155819569892,-1.68811746820976,0.108530065239379,0.171452947103002,0.239497925979872,0.541410959348405,0.487995662185832,0.52268984053524,0.453573998761164,0.229062068659,0.437938799440585
"136",-1.18177843831894,-0.916653506631524,-1.3084687882895,-0.930613182101659,-0.609480728326353,-0.77866500740001,-0.919013516106719,-0.516988419780754,-1.34675828707253,-1.49536614664784,-1.27459273386553,-1.68732753436198,-0.905618160357774,-0.660614288579934,-0.799811003873508,-1.409788476221,-1.09815632032256,-1.74313444588223,0.107708927588277,0.171141013456059,0.238672967765835,0.541267212309169,0.479955970550434,0.521233221200235,0.451295577598722,0.230008688674077,0.438857818056413
"137",-1.50829621952451,-1.08007017975726,-1.5198002026695,-0.953391000795655,-0.971224322021658,-0.942992598543199,-1.3220174604798,-0.760675726839686,-1.43772016102755,-1.45554469864867,-1.25274726504442,-1.77461969894073,-0.900773907730149,-1.03023033238809,-0.966876733582938,-1.44112004226964,-1.19091477171548,-1.79738989694336,0.117649426365833,0.187279347475565,0.260354167392118,0.587181160216382,0.523236247491051,0.566217185379783,0.491180980381959,0.247770946365257,0.476800483104694
"138",0.451556593474378,0.9802423165541,0.714303958728663,0.211801580697876,-0.0191449085979026,0.191333866156401,0.515029201486104,0.684364233596512,0.712271094669241,0.16423752326747,0.23308652314618,0.242176719980082,-0.116705425610452,-0.341127448925651,0.0555338273700416,0.151742700284059,0.00555200964087304,0.0625288691748149,0.112767199637234,0.178739585837324,0.246934882861583,0.562205172031248,0.495326225995652,0.52871089935498,0.469217092927109,0.240424963149863,0.458961610815808
"139",0.018350600214067,-0.636888314191927,-0.183059953761246,0.23936733365203,-0.420278492690632,-0.21260230070329,-0.21197382874402,-0.240506331795925,-0.0881019964890549,0.223443689824429,0.0260608967732941,0.377045420374657,0.450567247083779,-0.431068603768517,-0.216969264855754,0.046896550506201,0.152635533928835,0.408389396087703,0.169049727494444,0.26139015482174,0.365614211944814,0.84443828948937,0.756759768897241,0.809953992263288,0.703381496650242,0.359953201257338,0.684686307196233
"140",0.723870158869688,0.752243929215703,0.889749658925912,0.542025547920382,-0.215129828754022,-0.00302644241598174,0.870209415137566,0.689808473801215,0.706837651442264,0.380555767415499,-0.097366091041698,-0.045487816148028,0.208904574687593,-0.223226762041714,-0.00855261145679341,0.373844679191688,-0.109316789856219,-0.0977236080743017,0.137985142555458,0.219692138501421,0.304927384847658,0.6924874789222,0.621464070348597,0.666626453842302,0.576254858138785,0.296628379915137,0.563371459879018
"141",0.288458616784671,-0.101349405457325,0.138244921562777,0.553739253363979,-0.569212925963956,-0.348913006075084,0.24462251564222,-0.173274799992314,0.202578957734136,0.42047701797012,-0.238275170209585,0.00737263264310281,-0.0426268109418968,-0.721156670547348,-0.400296018031234,0.369426256502107,-0.371947743496566,-0.0803076216528103,0.121197593612355,0.190292507152758,0.26793428642039,0.604582854214103,0.542114446180793,0.473771141969606,0.502857971828705,0.259073543995245,0.482433833597908
"142",0.498106545114293,0.293428561235399,0.645784704369784,0.172252934332745,-0.65897446985565,-0.0108022200879055,0.642099513872129,0.143513998017998,0.531266235568317,0.307813880846128,-0.163838339685693,0.271883883129291,-0.0650446368525837,-0.738157741066929,-0.0440859131444677,0.364988685265789,-0.274193116858324,0.0771166606264774,0.103621189812197,0.164854451074925,0.230365349520019,0.519632419420735,0.468366499468507,0.50254708340988,0.427744289874149,0.2226166147046,0.423302145345346
"143",0.963431396448743,0.463053617327222,0.81105857007971,0.0728759901807803,-0.801616837028943,-0.0209443680582658,1.0478592847688,0.0633016507672617,0.391833345150505,0.531409750315053,-0.183989907365636,0.315399549748129,-0.266963836995736,-0.861455092877899,-0.0452048089133874,0.551678639114626,-0.45741139141179,-0.000529380623451935,0.102382100303508,0.163075729293935,0.226081158796971,0.514728727432913,0.462809082318477,0.495241455584125,0.430936359271823,0.220404774940203,0.418014109984876
"144",0.673612785333983,0.381817780859681,0.539864958718772,0.0461064249773159,-0.67339884403929,0.120086651300297,0.725544574471664,0.0811309924555524,0.462647205473458,0.631987096880824,0.0280320196149439,0.208685020277333,-0.199003443985844,-0.77006988600984,0.0783165331655807,0.595931329091231,-0.294746173539801,-0.0331832569626257,0.103905914405972,0.165152809679237,0.23082217181608,0.524859431082115,0.470580031031177,0.500786776277416,0.438232643455646,0.224948552465849,0.42642541542842
"145",0.348317543893826,1.02555421927497,0.793430494392631,0.277111665387915,0.117856128172317,-0.206094687677676,0.379142353248929,0.664366146589553,0.674996005592649,-0.0350622652178978,0.218072046291417,0.14870089176135,-0.0692875080068355,-0.0567371730661771,-0.278339551503797,-0.0852444126294162,-0.0177243545147557,-0.0387502330863872,0.114388048769398,0.182312167984482,0.253262769720471,0.574681646730213,0.515615870801312,0.546250404408683,0.470536874335726,0.244276847476752,0.466896877448136
"146",0.392040424692681,0.781150171875086,0.885056500908857,0.402558455283441,-0.0570939388825987,0.0355191318150139,0.463083851713091,0.442875992258417,0.795124329343749,0.32615389892325,0.0091605138068105,0.107911907969918,-0.0277177321426936,-0.210600703990748,-0.0270077634123854,0.360757197319107,-0.123887816203547,0.0377940230567601,0.111236343491117,0.176962585209456,0.245452425394684,0.55775789197921,0.502084933581693,0.535849921913532,0.464829077636063,0.236275806181053,0.453717926380584
"147",0.360643929307059,0.840837695653996,0.762927886622927,0.457253180615436,0.219864705751718,0.135198531914344,0.378027742699921,0.618595274267734,0.533646032609656,0.147578053506334,0.150481085610296,0.116276069021158,0.106165941067936,0.09271328162752,0.0803459532379848,0.0770063224852949,0.0132618427610256,-0.0348126268359803,0.169854077163985,0.270300694252858,0.375083389486742,0.852489130059511,0.765100105745946,0.82018062923746,0.713242817237156,0.364967063114093,0.692545456702284
