"","idp","clay.A","clay.B","clay.C","cec.clay.A","cec.clay.B","cec.clay.C","oc.clay.A","oc.clay.B","oc.clay.C","chnbl","EVI_M_JanFeb_250","EVI_SD_JanFeb_250","LS","rsp","slope","srtm250","twi","Valley.Depth","vdchn","dem","twi.1","vdchn.1","evisd","lstm","ndwi.a","ndwi.b","X","Y"
"1",203,22.7000008,48.9039464289474,53.7000008,19.2000008,33.3868416657895,34.5999985,3.26999998,0.922105235236842,0.430000007,411.6533203125,1436,446,0.0516006387770176,0.269875109195709,0.00719443894922733,423,11.0181913375854,30.697509765625,11.3466796875,425.244476318359,10.5515928268433,4.09304809570312,1157.30191270401,295.416460273422,-0.0818096349828801,-0.131625345962263,-8507889.40575268,4200948.93024239
"2",1737,8.50833357125,32.284781748913,13.5072579,6.20416665,23.3739128434783,10.5064516580645,0.479999996583333,0.272717392826087,0.0403225803604839,519.864379882812,1769,629,6.58646968076937e-05,0.922816812992096,4.36482587247156e-05,530,12.8548793792725,0.93212890625,11.1447143554688,530.209533691406,10.1384029388428,1.1661376953125,1478.5636835818,296.03244577162,-0.0654590679795287,-0.0711989427427328,-8610633.89447708,4228655.2234328
"3",1738,6.07441860232558,32.6299321251701,30.8999996,4.79069775348837,23.5925168326531,21.5,0.483255804697674,0.168231295830612,0.0399999991,520.125610351562,1729,255,4.60029332316481e-06,0.825597405433655,4.0582626752439e-06,530,14.987621307373,2.299072265625,10.8834838867188,528.39208984375,15.8441600799561,0,1225.28773200593,296.924339962574,-0.0614998072947128,-0.0927647262995371,-8600985.21501785,4240824.81022331
"4",1742,23.3999996,51.1413792413793,51.5944447055556,18.2999992,32.2672416293103,28.0805561,2.8499999,1.27948273715517,0.452222224,433.029235839844,1414,525,0.0308063179254532,0.49501758813858,0.00600060448050499,451,9.79996967315674,18.33251953125,17.9707641601562,452.29443359375,6.03545904159546,4.69107055664062,1510.23876936594,294.633350672878,-0.0563062542170994,-0.13484299101522,-8471672.053781,4221123.98256006
"5",1743,27.0666662666667,38.1134835123596,27.0916658666667,22.8333333333333,29.022471258427,18.1291662666667,2.13666669333333,0.617865164966292,0.11624999775,389.950561523438,1570,664,0.103470467031002,0.37787601351738,0.01264604087919,408,10.2667655944824,29.716064453125,18.0494384765625,409.732940673828,6.61175584793091,6.33328247070312,1172.13938241519,295.068017817328,-0.0886888017521668,-0.135863867560673,-8456683.04252512,4326321.6182156
"6",1744,25.4999997391304,36.90813865,28,22.2304352695652,27.4406973209302,17.6000004,2.22956518695652,0.474534883244186,0.140000001,413.621368408203,1393,490,0.108607441186905,0.659491896629333,0.0145608326420188,444,9.45164012908936,15.68505859375,30.3786315917969,444.635406494141,6.38778257369995,7.0487060546875,1182.96434592138,295.472436554388,-0.0645564094554575,-0.166095642290044,-8479726.93121786,4315792.31411485
"7",1745,16.124390595122,27.6184213664474,26.7999992,11.1731706063415,18.6440790236842,19.1000004,0.981219530536585,0.269671046078947,0.0500000007,473.858795166016,2085,481,2.24135214921262e-06,0.506701290607452,2.80793369711319e-06,483,13.7864074707031,8.8994140625,9.14120483398438,482.671569824219,9.29505252838135,1.57009887695312,1242.15834183927,295.902314839146,-0.0955867302795221,-0.025575127207748,-8588043.98361126,4224300.21362459
"8",1746,15.316000384,27.3444448711111,21.7999992,10.927999792,20.5497775413333,17.6000004,1.1008000192,0.301377775992,0.00999999978,475.342681884766,2136,570,3.00594888358319e-06,0.469597071409225,4.19239268012461e-06,482,12.6486291885376,8.6611328125,7.668212890625,481.771209716797,12.23752784729,0.10076904296875,1693.10810345572,295.743680621914,-0.0962746906927444,-0.0165899954087171,-8592212.4062775,4221334.79726145
"9",1747,42.5368413052632,32.6765307168367,23.3999996,34.6131566710526,24.055612477551,18,1.09921052447368,0.154999998981122,0.0299999993,414.331420898438,1343,464,3.54527437593788e-05,0.0448777377605438,1.25136175483931e-05,415,17.8786182403564,35.584716796875,1.6719970703125,417.674591064453,6.1283106803894,2.25247192382812,1317.76652160147,295.307467311674,-0.0532979394724345,-0.107953482529061,-8519331.96772456,4217288.58723155
"10",1754,18.3869560695652,18.2217389521739,14.6999998,14.2869562347826,11.7369565656522,7.0999999,1.48217389826087,0.61586957376087,0.180000007,410.324737548828,1426,484,0.259982258081436,0.733254492282867,0.0203955490142107,444,11.2887992858887,12.25048828125,33.6752624511719,446.275451660156,8.04374313354492,10.8079833984375,1137.97879605822,295.46165790731,-0.0837867463341062,-0.159026699083891,-8478782.05293185,4315730.8121316
"11",1755,30.7509799215686,44.3989003637363,33.0999985,24.1803922117647,32.6879122681319,29.7999992,0.496078434019608,0.473516488351648,0.100000001,382.494140625,1724,810,3.45342687069206e-06,0.357714295387268,4.02877458327566e-06,399,13.6012592315674,29.63671875,16.505859375,398.379211425781,12.1743154525757,4.55853271484375,1217.55324560402,295.708259097786,-0.126063563085623,-0.00300784020000206,-8467813.51111671,4311032.22073226
"12",1756,27.32000008,46.1831466303371,33.9000015,20.05999984,32.1056175853933,28.3999996,1.139999986,0.429662926707865,0.0900000036,380.217926025391,1587,567,0.0393062867224216,0.102633245289326,0.0044686533510685,385,13.229079246521,41.829345703125,4.78408813476562,386.162139892578,6.18719005584717,2.75375366210938,1214.82243063518,295.784284898073,-0.0764654731362387,-0.0225752803683351,-8463975.2717833,4311063.17743471
"13",1757,15.14000056,19.1510208081633,17.8209302604651,13.96000024,16.0714285510204,14.2744187488372,0.8439999818,0.549183676530612,0.252093018116279,434.763946533203,1087,571,0.0208854749798775,0.00367668131366372,0.00281708454713225,435,13.5278024673462,65.2734375,0.240875244140625,436.505157470703,6.49011993408203,1.53173828125,2189.81060597472,293.286987438286,0.0804278111311404,-0.15800359189136,-8361240.05706947,4417007.36554746
"14",1759,20.3500004,25.1235293960784,18.5,17.1999998,18.6235292784314,13.8000002,1.31,0.58745098272549,0.140000001,281.268310546875,886,681,8.80795232660603e-06,0.00991308316588402,1.02450658232556e-05,282,12.216028213501,73.420166015625,0.735107421875,279.962432861328,14.3558826446533,0.161712646484375,2194.36005161482,293.745062171524,0.0720027535309728,-0.20351558215368,-8272740.23225584,4348684.15518097
"15",1766,12.9214286728571,18.2395604307692,6.35037048311111,7.76428569357143,11.9659338307692,4.47925918185185,0.672142837928572,0.315494511318681,0.0248148146013333,441.323699951172,2378,662,0.100321635603905,0.541384994983673,0.0107711274176836,463,11.3157711029053,18.3623046875,21.6763000488281,460,12.0078268051147,0.018157958984375,974.089103235499,295.343040113872,-0.0998151328939723,-0.0359544936121312,-8605379.98298136,4202709.68165288
"16",1767,28.2999992,38.7822577376344,21.5176464235294,24.2000008,25.7064517397849,15.8176467411765,1.36000001,0.27080645708172,0.0317647051882353,474.715026855469,2136,463,0.0330191776156425,0.53467732667923,0.00628186482936144,482,9.80326652526855,7.213623046875,8.28878784179688,481.529418945312,5.87435340881348,1.61175537109375,1421.69852596934,295.849403846154,-0.113274543799375,-0.0219654161884548,-8590540.01557195,4221396.7329054
"17",1768,22.88999946,37.3670157308901,36.1308819647059,17.74000001,29.4863874324607,27.1088229352941,1.00249999715,0.245549738497382,0.0251470582691176,475.501251220703,2289,746,3.08522999148408e-06,0.128646075725555,4.35285801358987e-06,476,12.534646987915,10.18408203125,1.50357055664062,474.003387451172,17.3812370300293,0,1118.53324866718,295.92520853241,-0.0707776192600982,-0.0516874028542113,-8588113.37786507,4220531.83555211
"18",1777,16.6000004,45.2935488516129,37.0948279094828,15.3000002,28.393548183871,22.5525862448276,1.95000005,0.649193555403226,0.16146551937931,252.913665771484,1780,653,0.071922667324543,0.239841893315315,0.00823720637708902,264,11.6633443832397,38.336669921875,12.0958251953125,264.429901123047,8.3311185836792,1.49423217773438,1458.55427826974,293.660697861921,-0.0357115531697498,-0.0770262809171675,-8302916.32066508,4218431.31645517
"19",1778,16.7999992,20.2134146341463,14.8582088432836,11.3999996,14.2487805926829,8.91492550298508,0.680000007,0.376707311829268,0.0204477609561194,397.543487548828,3337,537,0.0661488249897957,0.265470862388611,0.00893999263644218,410,10.630880355835,34.4658203125,12.4565124511719,411.521453857422,7.78905153274536,7.4439697265625,1247.92509933065,296.573196209588,-0.0590434987411055,-0.0122041752817739,-8696850.77591952,4124842.09961072
"20",1780,21.2999992,16.2581393382171,8.90281706732394,21.2999992,13.482945874186,8.1690141915493,1.11000001,0.336589149053488,0.0615492957366197,471.342987060547,1968,392,0.0704851225018501,0.992955803871155,0.0101988352835178,505,9.96033000946045,0.23876953125,33.6570129394531,502.616149902344,14.878472328186,4.6417236328125,1474.49556516561,295.861014910814,-0.0934305635222471,-0.0514831618397333,-8621753.31484087,4203852.41096305
"21",1781,22.2000008,39.3121948097561,31.9450707661972,15,24.7341469853659,19.197887143662,1.00999999,0.66609756097561,0.144084508100704,382.026275634766,2576,693,0.0155078871175647,0.0369701087474823,0.00282589113339782,384,12.0158672332764,51.4912109375,1.97671508789062,383.073028564453,14.6291246414185,0.091888427734375,1437.31310158851,296.570938146998,-0.111327795474136,0.0245043089494092,-8679607.02170632,4126417.4777486
"22",1782,10.6000004,20.0029854447761,7.76216200396396,9.39999962,13.4776121791045,6.51396397463964,0.550000012,0.510597025149254,0.0868468466064865,456.816314697266,2085,272,0.0723965987563133,0.809809565544128,0.0100007941946387,491,10.2411832809448,8.0283203125,34.1836853027344,491.004425048828,8.98406791687012,4.70111083984375,906.193866209045,296.913015786749,-0.113075932525674,-0.0851724671355317,-8680654.62438201,4151498.15553375
"23",1785,7,13.4039473526316,6.364615453,5,9.68684226763158,5.03153854930769,0.449999988,0.425131580592105,0.0236153840975385,461.760772705078,2565,1232,0.170855537056923,0.613970637321472,0.0161249358206987,483,10.9518308639526,13.35400390625,21.2392272949219,485,6.60236501693726,3.42086791992188,1002.77459422469,296.168540372671,-0.0243159391229855,-0.0927806144484979,-8615243.45758381,4205334.89675452
"24",1788,18.7999992,31.093442242623,13.3104166583333,14.3999996,17.4508194754098,10.1416670570833,1.51999998,0.875245898918033,0.114791664708333,279.963287353516,1721,428,0.0891262069344521,0.990498065948486,0.0134171154350042,316,9.07671451568604,0.345703125,36.0367126464844,318.823486328125,7.37035608291626,16.572509765625,1473.00315281846,293.120358835006,-0.0501228011413717,-0.105563378206931,-8350960.84011911,4185474.41517046
"25",1793,17.5969696606061,16.6810129012658,12.9304344608696,17.1939395636364,15.0620250835443,12.5217392173913,1.36484846060606,0.699746836101266,0.220434778782609,265.013061523438,900,668,0.0190577562898397,0,0.00199620192870498,264,15.6533222198486,64.96240234375,0,264.001434326172,15.4988822937012,0,2410.41566870467,293.398870699952,0.0637527878018154,-0.207973145128938,-8243513.01546806,4344977.70161966
"26",1794,16.2791671583333,11.1652176826087,11.6406778,14.414583325,11.3478261956522,11.0457625559322,0.693958324395833,0.546956509978261,0.158305086355932,270.477935791016,1042,557,0.00690290099009871,0.00843936949968338,0.00198210519738495,270,10.6288108825684,61.905029296875,0.526885986328125,271.190277099609,6.86511468887329,2.07958984375,1693.14247537285,292.272924311196,0.0519189033002063,-0.160982804857523,-8248893.63461995,4346336.7609068
"27",1795,11.4878050243902,12.3000002,11.9980770949038,12.2609754829268,12.3999996,11.5923075872115,0.940975606512195,0.629999995,0.250000003355769,275.237518310547,879,619,2.71831822828972e-06,0.0261112209409475,4.35285801358987e-06,276,11.9015836715698,65.864013671875,1.76589965820312,276.404602050781,7.65399885177612,0.557403564453125,1993.67846824214,293.86609561634,0.039813179049246,-0.140875052163398,-8262860.47595519,4346892.43594609
"28",1805,32.0000005,45.314492884058,51.8135812839506,15.00000025,22.7666662550725,30.6246912641975,1.3650000125,0.70449275968116,0.309382720666667,434.229400634766,1677,463,4.98893723488436e-06,0.342148959636688,5.61586739422637e-06,440,13.2816686630249,13.021728515625,6.77261352539062,439.790222167969,10.8692531585693,1.15097045898438,1309.01607133711,294.917674649626,-0.0814210497512988,-0.0930081808130015,-8487907.70487255,4229921.37924956
"29",1806,30.6000004,48.2901636508197,59.6648638864865,21,30.6688524459016,32.7243239621622,1.34000003,0.817049150065574,0.233783784,431.780670166016,1791,868,0.0941696092486382,0.324114412069321,0.0121662961319089,439,10.0858726501465,15.0546875,7.21932983398438,439.840850830078,6.15785694122314,2.46173095703125,1471.08140649961,295.149098522854,-0.056972064828858,-0.101092114540569,-8491629.30812595,4227239.7437786
"30",1808,21.6363630909091,49.9432684153846,70.3000031,17.2909097090909,32.9115381298077,48.2000008,1.82727271818182,0.814230785682692,0.129999995,320.973846435547,1270,554,0.210673809051514,0.666772782802582,0.0152392098680139,342,12.4229869842529,10.508056640625,21.0261535644531,333.592681884766,9.70505428314209,0.065093994140625,1216.43746636794,293.768355172002,-0.0694524330435063,-0.136002078025329,-8325393.31419865,4244284.38847831
"31",1809,34.0999985,44.3272725515152,42.9825868004975,26.6000004,32.5651509924242,23.8587066587065,1.79999995,0.750909101015152,0.0930348253572139,422.991302490234,1721,402,0.0213764905929565,0.380850195884705,0.00282540754415095,433,13.621865272522,17.91162109375,11.0177612304688,434.337890625,6.8732795715332,1.41644287109375,1284.86852898187,295.343713788024,-0.0516130338368208,-0.101087939200524,-8506475.60229331,4227141.75869922
"32",1810,28.1000004,46.7987810621951,44.1173693621053,22.7000008,32.3621955707317,29.7031579073684,2.11999989,0.769390246304878,0.150684215014211,422.991302490234,1721,402,0.0213764905929565,0.380850195884705,0.00282540754415095,433,13.621865272522,17.91162109375,11.0177612304688,433.298034667969,10.7076835632324,0.2591552734375,1284.86852898187,295.343713788024,-0.0516130338368208,-0.101087939200524,-8506554.74270732,4227115.88361063
"33",1811,28.2000008,43.8117655294118,39.4000015,23.1000004,27.5352942588235,25.2000008,1.75999999,0.505882347588235,0.200000003,276.601715087891,1737,559,0.377730309963226,0.53101772069931,0.0404300130903721,308,8.02563095092773,27.730224609375,31.3982849121094,312.689239501953,6.51646614074707,28.9436950683594,1400.73331390355,292.729978957637,-0.025522171424094,-0.0922262686861225,-8265728.95892127,4322707.64556555
"34",1816,30.3999996,37.8953487906977,28.1090450994975,24.2000008,26.3290696186047,16.029648359799,1.60000002,0.510000001755814,0.0340200997266332,289.940887451172,1208,912,0.13877871632576,0.937326848506927,0.0156209897249937,347,10.1502656936646,3.815185546875,57.0591125488281,346.592315673828,5.55261754989624,5.25418090820312,1310.85182543386,292.260098821468,-0.034659228453117,-0.0764817830105803,-8202212.21516448,4360575.90998487
"35",1828,58.0772720151515,60.8951226097561,57.0716966132075,40.6257572984848,43.2902434536585,38.3283010867925,1.14712121151515,0.552926832292683,0.226415095754717,300.776397705078,812,600,0.00701314024627209,0.0130860088393092,0.00200718152336776,301,10.6137399673462,93.800048828125,1.24374389648438,301.551025390625,5.46013212203979,1.32330322265625,2080.2206731959,294.204784425719,0.050006112034113,-0.232181964456847,-8293382.96585165,4361595.20170494
"36",1831,20.9111109037037,43.1517230689655,32.996945778626,19.0037034962963,34.1080461333333,19.9458017832061,1.36518513518519,0.787586218597701,0.169618324450382,299.771484375,1521,1149,0.0330506153404713,1,0.00632518390193582,341,9.75648307800293,0,41.228515625,341.253021240234,8.34926986694336,8.38653564453125,1355.77377098343,292.573948737856,-0.042926559239539,-0.0619050548377448,-8246509.91174505,4310511.32746297
"37",1840,36.4933342966667,38.3008188696721,33.4988144743083,33.8699990366667,25.8032782565574,22.4849802007905,2.40433337066667,0.709999992081967,0.234268773932806,287.022308349609,1516,687,0.861829578876495,0.170881569385529,0.0626942291855812,296,8.86151027679443,43.559814453125,8.97769165039062,285.946014404297,13.7105102539062,0,1379.26866239604,289.89372682752,-0.0299186754187896,-0.0728924191194441,-8219403.06569986,4361749.60712961
"38",2095,26.6000004,35.969166485,44.5,19.2000008,22.35166644,24.7999992,2.16000009,0.395583330490833,0.0399999991,333.307250976562,1165,786,0.0461153835058212,0.805828869342804,0.00800073146820068,383,9.65957927703857,11.973876953125,49.6927490234375,377.564697265625,9.48928642272949,1.1669921875,1429.68987052351,292.754684420652,-0.0336202064043665,-0.0830351051385805,-8175833.65804167,4460434.87107632
"39",2246,27.892857,42.8670884012658,38.9000015,18.8357136285714,27.8227853417722,24,1.65857138214286,0.498607584202532,0.0900000036,322.834930419922,991,859,0.261885136365891,0.754528105258942,0.0220836643129587,375,10.7289047241211,16.970947265625,52.1650695800781,378.382537841797,5.86118030548096,6.76663208007812,1418.63288901525,292.55605305926,-0.0317370850551056,-0.107216433038377,-8172515.43020986,4461516.09840278
"40",2247,28.05999984,43.7939397010101,38.5,19.7999992,28.3818183555556,23.2000008,1.853999994,0.349494947739394,0.0199999996,329.449737548828,1135,813,0.0638018622994423,0.51770943403244,0.00632518390193582,364,13.0451936721802,32.1865234375,34.5502624511719,370.702056884766,5.35092735290527,10.3992309570312,1563.48087207285,292.926787925842,-0.0545727818637356,-0.0893014284343767,-8169044.69819172,4467168.55431697
"41",2288,40.4000015,42.5493832592593,34.0090897424242,29,31.1209877185185,23.2030302060606,1.84000003,0.681481479604938,0.205454540727273,346.687286376953,1011,774,0.031501542776823,0.303128451108932,0.00565743166953325,362,10.3532266616821,35.202880859375,15.3127136230469,367.668731689453,8.80805492401123,15.3301086425781,1356.30726567063,292.989325433624,-0.0406094987843863,-0.0983915942329172,-8183980.40358106,4455084.12069768
"42",2289,34.7999992,41.4808981404494,32.3310355086207,26.6000004,31.4123600764045,24.656896662069,2.08999991,0.760449440505618,0.171551728844828,332.062805175781,894,643,0.0305102989077568,1,0.00632518390193582,395,9.35660362243652,0,62.9371948242188,397.668792724609,5.38740110397339,22.6670837402344,1284.80158836075,292.691828933747,-0.0622554464001629,-0.121479249363746,-8177937.95432506,4457330.57209302
"43",2524,23.4714287428571,39.6494498593407,30.3999996,23.3714280571429,32.4373628615385,20.1000004,2.03571421571429,0.538901100538462,0.119999997,276.923522949219,1113,938,0.0646652206778526,0.839344024658203,0.00894072931259871,308,10.5168447494507,5.9482421875,31.0764770507812,315.240234375,5.90553998947144,11.380126953125,1741.66409295342,291.260955387004,-0.0144320446466746,-0.0995170779938098,-8060147.40201141,4419941.53593691
"44",2525,25.0777769777778,30.2117644352941,32.0999985,22.4944448111111,22.1426474529412,22.1000004,1.78916665272222,0.513529410985294,0.119999997,221.106094360352,1434,863,0.0171870291233063,0.196520030498505,0.00282306410372257,231,12.5374050140381,44.54833984375,10.8959045410156,230.970794677734,6.62958335876465,4.25698852539062,1668.22729214753,292.488455546265,0.0219654795779058,-0.0831942937283701,-8093707.68713995,4347143.9700048
"45",2549,26.7999992,40.941237228866,32,24.6000004,31.1051545443299,25.8000002,1.87,0.445876290731959,0.1224999965,276.848114013672,1029,997,0.0872344449162483,0.946956038475037,0.011314501054585,307,10.2477493286133,1.68896484375,30.1518859863281,304.499267578125,9.52330684661865,4.13400268554688,1663.59091209187,291.548481266921,-0.0246598052735421,-0.0772921581832983,-8042173.95904769,4422940.73331715
"46",2550,30.4249996285714,35.6270265054054,31.2851481108911,25.4321430142857,26.2621622918919,21.3069308910891,1.88178571642857,0.427297299891892,0.0823762371069307,271.229095458984,1122,1031,0.295926302671432,0.584172368049622,0.0277808718383312,290,9.61881828308105,13.361572265625,18.7709045410156,285.243682861328,7.67186546325684,4.19549560546875,1448.90251409203,291.451944955407,-0.0465133226796561,-0.104532108051112,-8047616.81889089,4419635.98301988
"47",2551,27.65999984,38.5486483783784,34.326086826087,23.84000016,28.0364868756757,24.1869565304348,2.43999996,0.623918911527027,0.112826088078261,270.857299804688,1460,796,5.5273389989452e-06,0.992505550384521,5.61586739422637e-06,305,13.7940864562988,0.2578125,34.1427001953125,307.861633300781,5.99164772033691,8.89096069335938,1473.69778000352,291.238071468387,-0.0387879544815995,-0.0956533260330328,-8064507.53541052,4404099.71028537
"48",2552,27.730434,38.5932690990385,31.7999992,24.2173913043478,30.4144224990385,26.3999996,2.1708695573913,0.486153849769231,0.129999995,277.830322265625,1054,1046,0.0507888197898865,0.912881195545197,0.00824695453047752,309,9.91489791870117,2.974609375,31.169677734375,304.870178222656,8.24759387969971,1.03631591796875,1453.39651413277,291.622726031215,-0.0474061851341573,-0.0931599187445586,-8069340.77988533,4398231.23574116
"49",2555,27.75999944,39.5237294915254,41.4651376009174,19.97999992,24.4677962440678,24.738532293578,2.158000042,1.05322036237288,0.375504585220183,246.156127929688,1284,961,0.113884307444096,0.338556408882141,0.0144228311255574,261,9.76027393341064,29.000732421875,14.8438720703125,262,6.19785165786743,16.1977386474609,1602.73596571287,291.760384495939,-0.0154538814432798,-0.0687180823596099,-8034648.29516115,4414354.15127617
"50",2556,30.0454543636364,38.6412841844037,36.5999985,21.5818183272727,24.969724466055,22.2000008,2.27545448818182,0.647155968247706,0.230000004,231.533416748047,974,1128,0.137807369232178,0.535556614398956,0.0152320852503181,263,10.3042230606079,27.288330078125,31.4665832519531,261.060943603516,9.33552837371826,2.6219482421875,1731.30244185425,291.850275322504,-0.0163381785628882,-0.0770883008137598,-8023466.44012235,4418771.08558438
"51",4467,13.9956521130435,29.626966552809,31.7000008,8.71304366826087,10.0213482764045,11.6000004,1.25782611695652,0.293707860146067,0.159999996,239.684112548828,1802,485,0.0813820585608482,0.205635905265808,0.0100007941946387,264,10.8261613845825,93.931396484375,24.3158874511719,262.080230712891,6.46642541885376,6.08795166015625,1092.56749900224,294.778760053352,-0.0496268312595308,-0.057635405404643,-8431613.47393061,4099885.30416335
"52",4486,30.3821418678571,44.2192311384615,46.4000015,26.9678579428571,31.0798079730769,33.7999992,2.95250001178571,0.691826911663462,0.150000006,330.302703857422,1588,275,0.108389191329479,1,0.0121682835742831,383,10.7878017425537,0,52.6972961425781,382.882720947266,6.10656881332397,2.07940673828125,1334.47737754913,295.364433070553,-0.0352243439657468,-0.130641684343723,-8586947.74827738,4099607.0497321
"53",4499,22.8999996,49.1311928174312,50.0999985,18.2999992,34.4577981275229,37.5999985,2.58999991,0.686238518486239,0.189999998,202.32080078125,1594,293,6.65224342810689e-06,0.122700966894627,8.00681027612882e-06,211,12.4147977828979,69.257080078125,9.68644714355469,209.901473999023,13.4219074249268,0.134536743164062,1256.22071035197,295.897031944505,-0.0583045650567937,-0.0952601936795971,-8558236.1636968,4061460.95332893
"54",7254,25.863934504918,30.0150690739726,22.2000008,22.0508197114754,26.3835620821918,23.2000008,1.7245901647541,0.681506853726027,0.230000004,233.932388305664,1430,595,0.154248937964439,0.323311179876328,0.0184390787035227,252,9.43484783172607,37.8154296875,18.0676116943359,256.982116699219,6.43218517303467,16.3949279785156,1644.6675240219,292.391115304985,-0.0277212550754788,-0.0477177582479239,-8131810.81864234,4338866.18789025
"55",7255,29.0770835166667,26.1792685670732,14.3369868924658,30.5895829833333,23.6439027463415,15.726027260274,2.72208333520833,0.809634130182927,0.185753422972603,212.918411254883,775,728,2.81753582385136e-05,0.00152315734885633,2.73223304247949e-05,211,11.654088973999,68.927978515625,0.105148315429688,212,11.0893650054932,0.543792724609375,1862.28327234443,292.2004047981,0.0355906370307811,-0.177718004418644,-8087050.4093439,4364409.60382598
"56",7411,46.2999992,54.4666659333333,37.2999992,30.7000008,30.7333329333333,20.3999996,3.88000011,1.43666665,0.639999986,382.926116943359,1429,430,0.309424549341202,0.0805189087986946,0.02529376745224,388,10.5451612472534,57.94091796875,5.07388305664062,387.152862548828,9.22490119934082,4.90771484375,1613.33779817948,294.753635113075,-0.023092676452885,-0.132111205608892,-8408182.66267921,4274986.6322273
"57",7412,17.1000004,23.3255319829787,33.5999989375,11,9.99787248,10.7500000625,1.77999997,0.419148940765957,0.131250004125,390.211029052734,1497,434,0.398709446191788,0.496062070131302,0.0401823930442333,425,8.34195423126221,35.34130859375,34.7889709472656,426.807464599609,7.02941656112671,19.9457397460938,1144.11416103425,295.098865046186,-0.087509037495723,-0.135811603592022,-8441260.30971204,4348344.38759337
"58",7413,21.7000008,51.2151519515152,45.5747471272727,11.3999996,21.3242422666667,15.7020203636364,1.91999996,1.02393940184848,0.254646457666667,388.762878417969,1484,408,0.240490257740021,0.509266078472137,0.0244110133498907,425,9.55138206481934,34.91845703125,36.2371215820312,417.432922363281,7.21837520599365,5.86727905273438,1092.58307235306,295.098865046186,-0.0841829988381819,-0.14250751146675,-8440993.12409937,4348035.58781453
"59",7416,34.3324335540541,40.20999994,28.2200003171429,24.7540539891892,28.223749895,18.6799999771429,1.74972978513514,1.0697499988,0.290285720942857,369.357849121094,1671,570,0.0441223978996277,0.062433235347271,0.00819852482527494,373,9.25552654266357,54.694580078125,3.64215087890625,370.740997314453,7.28414011001587,1.5748291015625,1362.53486978305,295.708693820672,-0.0569285709406937,-0.0021948525362444,-8447412.87712902,4322167.11532508
"60",7417,26.7000008,31.2053839292308,27.1000004,18.1000004,18.7238464646154,16.2999992,1.57000005,0.501076919807692,0.100000001,361.925445556641,2080,1120,0.0616375580430031,0.00137183524202555,0.00564577849581838,360,13.7248659133911,57.4931640625,0.0789794921875,360.431030273438,18.7156639099121,0,1350.1909074694,295.066345238095,-0.106698669974615,-0.000377033590730204,-8437796.48053441,4319989.5270246
"61",7704,23.5,31.393749825,27.5,16.7000008,21.5874999125,22,1.60000002,0.78562501296875,0.170000002,240.8310546875,1599,901,0.34919998049736,0.256221830844879,0.0325498133897781,256,9.25852680206299,44.033447265625,15.1689453125,252.609848022461,8.95034694671631,2.20599365234375,1635.89214370855,291.923517578436,-0.0471742944249764,-0.0383001321909842,-8127731.17562485,4362556.3827171
"62",7705,22.5166658666667,23.419149187234,19.3999996,18.0266667733333,15.3297874893617,14.1999998,1.759333376,0.636808494382979,0.219999999,222.261032104492,1411,827,0.0686471685767174,0.14018639922142,0.00600060587748885,231,13.8062686920166,59.73876953125,9.73997497558594,230,14.5433502197266,1.75103759765625,1568.1165564214,292.695159937888,0.0173899388881935,-0.0802547704242561,-8123488.94954787,4351437.04427594
"63",7706,17.0727268363636,29.0719630728972,28.3999996,15.1454546727273,19.3383173158879,19.8999996,1.37545454545455,0.643551397420561,0.340000004,271.822662353516,1488,776,0.0873361453413963,0.00482699228450656,0.00799188110977411,268,12.860969543457,37.675048828125,0.1827392578125,280.084320068359,6.19445323944092,16.1640319824219,1739.74473068514,291.698719501513,0.00711661981312482,-0.0726832629600516,-8124042.77946584,4386648.28078043
"64",7946,14.9333337333333,46.3444437254902,42.3499994,11.6000000666667,15.8954247124183,10.049999705,1.27000002333333,0.337647059594771,0.07500000085,373.261383056641,2270,630,9.23858260648558e-06,0.519930124282837,9.64464197750203e-06,400,12.8472547531128,24.694091796875,26.7444458007812,401.265045166016,6.61387157440186,7.86770629882812,1544.2596948816,293.614496814779,-0.0439619672463899,-0.0193277950836139,-8373637.10331697,4093839.10646247
"65",7947,10.3000002,31.6492754710145,32.4081080648649,7.5999999,12.6913045147826,12.1364862756757,1.37,0.220144932115942,0.0652702698135135,340.663726806641,2295,257,0.194469839334488,0.781782686710358,0.0189735274761915,385,10.3791151046753,12.37548828125,44.3362731933594,387.679779052734,6.43568277359009,9.84365844726562,1393.09986525789,292.619450987418,-0.0355396467064395,-0.0679167281128706,-8392924.36329646,4093839.10650429
"66",7948,11,27.2639346295082,83.3000031,14.1999998,7.65901624262295,21.2999992,5.01000023,0.326721312032787,0.239999995,337.655487060547,1935,196,0.174740493297577,0.922451972961426,0.0205916501581669,392,9.23048114776611,4.65283203125,55.3465270996094,393.655364990234,6.35755586624146,8.04452514648438,1737.16496667585,292.98545349578,-0.0200617210155472,-0.0606467709071708,-8395969.96531973,4092410.48359925
"67",8022,22.8999996,32.9224722606742,25.1813954697674,19,23.5191010876405,19.7511631906977,2.25,0.611685398033708,0.116046507860465,489.031127929688,1300,938,0.18226982653141,0.35341340303421,0.012653823941946,499,13.0931606292725,18.238525390625,9.9688720703125,500.461486816406,6.74833583831787,5.8056640625,1272.37560199319,293.332230613589,-0.0386595165274423,-0.116527288336392,-8315922.64395497,4467137.69769824
"68",8617,31.3999996,41.8636365245455,31.9809533047619,26.7999992,31.74909049,24.1857140761905,1.62,0.640545459690909,0.275714276761905,321.358764648438,955,806,0.0361978895962238,0.974181115627289,0.00565743166953325,364,11.0480489730835,1.130126953125,42.6412353515625,361.768524169922,10.8302030563354,7.42440795898438,2106.60859963353,292.849527751234,0.0427702718069102,-0.171778834779756,-8171138.79778601,4424172.96370659
"69",8618,19.2363640363636,40.4430383544304,28.2607594987342,15.1090908,27.9848095088608,24.4544301721519,1.36636364545455,0.631772157962025,0.225063292670886,446.98193359375,1157,746,0.102274976670742,0.151037976145744,0.0141385588794947,456,9.37197780609131,50.689208984375,9.01806640625,457.074676513672,9.50143909454346,9.47601318359375,1820.15597829268,292.988006111642,0.0785695742060246,-0.155726856320384,-8354069.13085966,4429411.52941964
"70",8761,45.1304357608696,51.6648357582418,31.4235296941176,37.0565206956522,35.7582419340659,23.641177,1.87782604391304,0.800988979274725,0.318235292823529,413.241058349609,1863,992,0.0426361002027988,0.00826529134064913,0.00403388403356075,413,14.4033422470093,91.76318359375,0.7647705078125,411.215789794922,7.68176794052124,0,2046.45490207194,294.994247431916,-0.0839904324120151,0.0143717085562013,-8419501.74003822,4382351.38161002
"71",8769,13.1000004,26.3999996,9.86666712777778,9.69999981,16.7999992,5.50000002777778,0.839999974,0.49000001,0.0833333356111111,402.509002685547,2159,1135,0.0217319279909134,0.959260702133179,0.00282273953780532,466,13.711404800415,2.696533203125,63.493408203125,467.2978515625,6.31925392150879,9.70272827148438,1184.81874219813,294.85220970696,-0.123418895360935,-0.062553764484789,-8457592.55422244,4291850.99642951
"72",9096,4.80000019,50.1558141162791,11.3387754571429,3.20000005,22.5767443534884,5.97346923061224,0.720000029,0.280000001,0.0714285709959184,230.263153076172,1678,268,0.0763345211744308,0.285121858119965,0.012806992046535,251,8.65111064910889,51.992919921875,20.7368469238281,255.957061767578,7.34833955764771,21.0184936523438,1692.15816566771,291.493048514891,-0.0154197417603218,-0.106641668285023,-8210711.36947826,4226437.20432228
"73",9099,17.3999996,47.0338231507353,48.9000015,14.1999998,22.2073532117647,23.2000008,2.1099999,0.460735295977941,0.25999999,237.720016479492,2189,651,0.220052599906921,0.177361354231834,0.0107711274176836,248,15.2431964874268,52.330078125,11.2823944091797,233.738494873047,15.5887365341187,0,1766.2169726578,290.126397555343,-0.00380498187733449,-0.0962089707312656,-8189928.25804542,4233788.58714126
"74",10173,21.4784311686275,23.1272728727273,16.6000004,18.9450988392157,18.5454547272727,17.6000004,1.84999996117647,0.699090908727273,0.159999996,209.424392700195,1103,494,3.33734192281554e-06,0.145263314247131,5.67690949537791e-06,216,11.2011566162109,44.651123046875,7.5885009765625,215.322158813477,7.23940515518188,1.15705871582031,2358.9910039459,292.09263859691,0.0886791348445062,-0.223847900884069,-8040873.81433086,4359776.76183318
"75",10454,20.8999996,34.801281925641,28.0590603033557,14.8999996,21.4358972307692,13.0577182711409,1.67999995,0.491666666397436,0.0799999982,233.473266601562,1313,893,0.174109652638435,0.17639784514904,0.0178886521607637,245,10.2677125930786,53.818359375,11.5267333984375,246.688339233398,6.36699295043945,9.25651550292969,1471.92809609723,290.622648530817,-0.0382584535891438,-0.0802989150071237,-7939335.35820475,4450396.75946124
"76",10455,28.5,43.3247187348315,37.685206516568,24.5,33.5696628179775,27.1698229692308,1.79999995,0.555617976101124,0.162485206621302,227.835983276367,886,1209,0.0427408069372177,0.444564789533615,0.00721011450514197,257,10.0599689483643,36.437255859375,29.1640167236328,262.100616455078,5.8206148147583,15.8092193603516,1914.1140786489,291.014527981077,0.0262686678917981,-0.118619582887902,-7957131.70288963,4435817.85390243
"77",10456,26.9666665333333,37.8306566948905,33.8910885059406,21.6000004,28.9007302014599,23.0782176594059,1.24666667,0.44459853780292,0.157029699316832,241.774963378906,1290,758,0.00705034751445055,0.454093843698502,0.00200022291392088,266,10.6662435531616,29.123046875,24.2250366210938,266.185760498047,7.70934391021729,12.9621276855469,1324.98005853856,290.731972905717,-0.0496148981734843,-0.109628323265387,-7944554.25823085,4440512.62013991
"78",10459,58.9258073225806,65.2538446538461,65.959342056044,42.2548382451613,46.7769238769231,47.4725274725275,2.00774199225806,0.999999973692308,0.584065907318681,208.041046142578,590,799,0.0303384624421597,0,0.00273313256911933,207,15.6215200424194,77.5048828125,0,207.985366821289,9.92557144165039,0.0059356689453125,1922.17106969641,290.006808461466,0.0224112498904216,-0.171497295557514,-7974304.36503625,4416420.31073153
"79",10582,30.0179481230769,30.1235295529412,25.2835288282353,25.8461536410256,23.7294125647059,19.0741173552941,2.46512816564103,1.22647058411765,0.7269411646,358.208312988281,1400,541,0.306475877761841,0.0222050100564957,0.0271762628108263,360,9.95896530151367,78.896728515625,1.79168701171875,356.636444091797,10.0463647842407,0,1593.99776841647,294.444682095079,-0.0326756579542328,-0.126709602417047,-8411722.1575684,4265658.59051149
"80",10584,47.2000008,28.534375278125,15.3000002,41.5999985,21.6937505875,16,4.69000006,1.547187490625,0.479999989,254.337249755859,1781,625,0.451907217502594,0.0845701992511749,0.0394301675260067,259,9.10986232757568,50.471923828125,4.66275024414062,280.646697998047,5.23138761520386,20.8653869628906,1330.80763068405,293.22917914875,-0.0516745208371108,-0.0447012901535328,-8258757.7313714,4265015.11578402
"81",10586,14.5,34.0589731641026,8.30000019,10.6999998,16.9538453538462,5.9000001,1.54999995,0.634615359974359,0.0599999987,301.384674072266,1416,704,0.0715926513075829,1,0.0116626899689436,339,9.03239822387695,0,37.6153259277344,340.953582763672,6.76427412033081,10.2759094238281,1493.06661460807,292.5216217816,-0.0429603339450208,-0.0933486542108638,-8240825.21456873,4312205.90669306
"82",10588,30.2000008,39.2176465367647,21.7000008,25.7999992,26.1441177529412,17.2000008,3.1500001,0.938823515367647,0.170000002,311.003814697266,1380,556,0.216708436608315,0,0.00599578488618135,310,19.5601615905762,42.098388671875,0,312.625061035156,6.46163272857666,1.0595703125,1431.89419517847,292.687774745182,-0.0270627094131771,-0.0908162595192246,-8290925.00405183,4324842.94639924
"83",10589,30.7000008,41.2764690882353,23.7999992,26.8999996,30.2784305627451,18.2000008,3.49000001,1.25352939294118,0.310000002,384.961883544922,1456,711,0.293478906154633,0.413196563720703,0.0268294028937817,402,9.83862590789795,24.19677734375,17.0381164550781,398.035430908203,8.68258571624756,1.0064697265625,1342.99998288046,294.481216833891,-0.0869590731521638,-0.0883465523737032,-8338004.69206054,4380621.73145618
"84",11507,27,37.2296292148148,31.5,22.7000008,27.4925924148148,21,2.1400001,0.540740737296296,0.119999997,489.031127929688,1300,938,0.18226982653141,0.35341340303421,0.012653823941946,499,13.0931606292725,18.238525390625,9.9688720703125,500.630126953125,6.08832883834839,5.58413696289062,1272.37560199319,293.332230613589,-0.0386595165274423,-0.116527288336392,-8315990.89815789,4467075.76205429
"85",11580,9.5,46.0951227195122,39.0951799228916,7.80000019,29.1902438829268,23.5662650843373,0.930000007,0.971707308634146,0.25638554046988,253.614074707031,2528,1423,0.0432676523923874,0.0049478835426271,0.00565225211903453,254,11.9469404220581,79.152587890625,0.393585205078125,252,15.2262439727783,0,1483.20180675886,293.36317922838,-0.0398353281412504,0.00494283847424639,-8421779.41116602,4128733.90413894
"86",11581,14.1000004,17.3999996,27.2000008,11.152000088,10.1000004,16.3999996,1.0103999896,0.460000008,0.379999995,246.864273071289,1787,680,9.27186920307577e-06,0.00159724312834442,5.64638867217582e-06,245,16.3452491760254,85.72705078125,0.13714599609375,240.906326293945,15.7852210998535,0.0004119873046875,1571.77529140087,293.998052277433,-0.0342281845632418,-0.0914120659502077,-8426744.03156288,4126726.27747809
"87",12469,15.7333329333333,23.2696964121212,20.9354160125,11.25833345,16.4515157151515,14.80937501875,1.17416663625,0.277575754818182,0.0930208323385417,474.330047607422,1969,431,0.0169151723384857,0.725784003734589,0.00401807064190507,488,9.8103494644165,5.546630859375,14.6806030273438,484.906799316406,6.46776390075684,0.55084228515625,1302.61212210508,295.922775899825,-0.0701907637125865,-0.0672487987850317,-8583058.07804901,4229241.8551685
"88",12471,40.4862076206897,47.1111113972222,42.0210523157895,31.5758612689655,35.0388889333333,29.1736843789474,1.71482761206897,0.783611117166667,0.205789476105263,433.898895263672,1713,411,0.0372940488159657,1,0.00720386765897274,460,9.38486766815186,0,26.1011047363281,456.853729248047,6.94812297821045,8.50830078125,1303.48270256137,295.311894111323,-0.0862517041619046,-0.102031837533898,-8504877.92436598,4235327.07110448
"89",12472,4.28695647782609,4.19999981,1.28333330555556,4.60869565217391,4.5,1.61333334355556,0.437826086521739,0.330000013,0.129999996955556,454.560180664062,1894,465,0.0263327043503523,0.0212103743106127,0.00400604959577322,454,12.0458240509033,21.0947265625,0.457122802734375,451.994201660156,15.956750869751,0,1347.51123128161,295.385958731486,-0.0570076723005311,-0.0586555436232483,-8572780.24058587,4222354.08894438
"90",12473,16.4241375241379,20.1142854571429,11.5043478056522,12.3896549724138,11.7928567428571,6.0000000826087,0.962758617413793,0.770714270428571,0.125217387526087,470.051940917969,2403,693,0.123677097260952,0.262592643499374,0.0140006635338068,478,10.3955278396606,22.319580078125,7.94805908203125,477.997222900391,13.864670753479,6.94296264648438,1217.7153470635,296.152297360248,-0.0865738546258531,-0.0141254066117412,-8658073.86076052,4168949.55177117
"91",12474,16.6117651529412,12.4333337333333,10.7333332412121,9.14411776764706,5.23333327,6.00303040090909,1.63205881558824,0.516666651,0.256363643030303,490.017486572266,1691,131,0.237303495407104,0,0.0143764903768897,489,13.4551935195923,19.659423828125,0,490.824371337891,6.47228002548218,2.07290649414062,1377.72499718059,295.826048275999,-0.0345145291498717,-0.100913162768747,-8614519.74017231,4215702.84571538
"92",12475,21,27.3243903707317,22.3647057529412,17.1000004,18.8560974,14.2617649294118,1.34000003,0.774390236146342,0.162647059852941,487.736602783203,2562,665,0.0593228191137314,0.739463865756989,0.00894935894757509,503,10.0784616470337,5.7314453125,16.2672119140625,507.770782470703,6.24280595779419,6.89291381835938,1305.08334285604,296.19678055821,-0.124615797315753,-0.0364055262209401,-8619978.54442137,4210925.53933879
"93",13544,47.2000008,52.6469395020408,41.2000008,35.5999985,28.9938774285714,19.6000004,3.86999989,1.13959181914286,0.589999974,274.293121337891,1800,704,0.1600331813097,0.527532696723938,0.0178886521607637,297,9.84619235992432,20.336669921875,22.7068786621094,298.891418457031,5.90392923355103,3.62283325195312,1271.58181217063,293.856988135053,-0.0640044104916455,-0.044238209857328,-8408390.73823179,4165706.31453565
"94",13547,28.5,40.5864421779661,45.2000008,23.7999992,25.428813579661,27.2999992,2.79999995,0.686949149915254,0.449999988,303.868499755859,1443,439,1.71274859894766e-05,0.00433779507875443,5.67690949537791e-06,303,19.3787059783936,31.332275390625,0.136505126953125,304.174987792969,6.669753074646,0.70379638671875,1531.14072756883,293.772492056856,-0.0204181914812498,-0.104079442062785,-8396448.21167705,4213149.48483853
"95",14121,54.7536597804878,51.8459474459459,27.9666665333333,43.829268,39.8378388621622,24.9333330666667,3.34878055,1.17837837524324,0.170000001666667,332.115386962891,1287,472,0.424817264080048,0.640918076038361,0.0268294028937817,387,11.6878929138184,30.749755859375,54.8846130371094,390.909271240234,6.02476024627686,15.4476318359375,1463.78804926206,294.188169214843,-0.0204901460748851,-0.152747821052264,-8336930.58020137,4346243.86858076
"96",14122,37.0347824130435,45.6201754464912,38.0125003,30.5217389565217,29.1982452622807,24.96250035,3.09304353173913,0.695087733149123,0.175000001,339.553314208984,1698,430,0.59247225522995,0.825201690196991,0.0407741442322731,410,10.212700843811,14.92236328125,70.4466857910156,407.299377441406,7.44857311248779,5.741943359375,1777.5425680632,294.041552237617,0.000377183207746757,-0.167430750492144,-8339030.80024907,4344517.79890846
"97",14123,26.7999992,44.7448277634483,16.8999996,25.5,33.1427578931034,9.30000019,3.8900001,0.596137934993103,0.0900000036,343.255767822266,1717,321,0.196279391646385,1,0.0228021275252104,438,9.04697704315186,0,94.7442321777344,442.032928466797,6.22479200363159,29.8336486816406,1504.31519608252,293.956399048415,-0.0174735244551154,-0.158708952871503,-8334524.01641606,4345687.77100607
"98",14124,34.2000001333333,58.3876692739726,22.8999996,31.2333323,43.7109593712329,15.8999996,4.91333325666667,1.59575340253425,0.219999999,329.399871826172,1376,425,0.485813528299332,0.808543562889099,0.0464905351400375,400,8.23667526245117,16.717529296875,70.6001281738281,404.24169921875,6.23991870880127,34.9542846679688,1573.95563234411,293.896472328396,-0.0249430155746818,-0.157086142189098,-8334342.58967921,4347325.09590755
"99",14125,37.5999985,66.2564111076923,17.6000004,31.5,45.2948726461538,9.69999981,2.48000002,1.34794871092308,0.189999998,339.2978515625,1291,492,0.400767505168915,0.953939378261566,0.0357658639550209,419,9.24070835113525,3.848388671875,79.7021484375,417.195556640625,5.7300500869751,11.2561645507812,1584.77091409559,293.781516583055,-0.0310823881157007,-0.13468484912128,-8331443.23591534,4346985.32830645
"100",14126,37.9303034181818,44.1890911127273,34.4679250415094,28.8212123151515,31.3072728290909,24.9773587773585,2.48242424484848,0.702181819472727,0.263773585433962,325.612670898438,1499,572,0.273200660943985,0.283241242170334,0.0134171154350042,351,14.6774797439575,64.244140625,25.3873291015625,349.819396972656,7.43082141876221,1.43600463867188,1422.12035919109,293.896472328396,-0.0289254996375251,-0.15480590440632,-8334947.01943182,4347726.3654917
"101",14329,9.55918360142857,11.8999996,18.0399994913333,8.38571440183674,7.5999999,14.5800005846667,0.677551017591837,0.230000004,0.0820000008133333,512.00341796875,1804,265,0.386854916810989,0,0.0169631652534008,512,14.6579284667969,19.6953125,0,518.598022460938,6.02439260482788,5.74609375,1212.22148289087,295.348141503424,-0.0347207860044244,-0.0901218795994083,-8638260.54925704,4206138.29212456
"102",14564,20.1857141714286,24.9454541454545,24.8552630263158,18.9857142285714,14.2727274545455,14.1078947605263,1.80857137285714,0.654545447909091,0.123289473035526,346.640747070312,1413,701,0.201749488711357,0.702691555023193,0.0140006635338068,373,12.8422908782959,11.152587890625,26.3592529296875,372.751434326172,6.62451124191284,8.4169921875,1472.71759100822,292.162199872591,-0.0577656311237352,-0.0815122997080504,-8208848.54099141,4406165.85908472
"103",14565,24.2999992,26.6535720428571,28.110619539823,18.8999996,14.9142858357143,14.5557526123894,2.50999999,0.436785722178571,0.0920353969256637,347.017547607422,1324,552,0.647002995014191,0.245095983147621,0.0367482304573059,356,11.4323873519897,27.666259765625,8.98245239257812,354.222106933594,10.1659870147705,1.23904418945312,1428.20566436651,292.133020584488,-0.0518359530659696,-0.0653121344028448,-8207748.845781,4406906.8962695
"104",14566,26,38.6767856910714,31.2249999,19.7999992,28.0428576,21.17499995,1.89999998,0.48696428075,0.036249999175,356.292144775391,1309,698,0.1037767380476,0.59790164232254,0.0141427870839834,378,9.44261932373047,14.598876953125,21.7078552246094,379.394470214844,10.8945932388306,9.4700927734375,1331.39665245462,292.749313186813,-0.0690684272842186,-0.100058898190372,-8208648.03914826,4409161.82072956
"105",14568,19,22.7259741766234,9.84494385168539,13.1000004,11.9623379012987,6.12808988876404,1.03999996,0.239740255805195,0.0285393252024719,304,1095,782,0.267996072769165,0,0.0121603971347213,304,15.318883895874,36.85498046875,0,298.803741455078,12.3278341293335,0,2285.27320783479,292.539731545628,0.0353199374319825,-0.109141947502398,-8141287.02260212,4436466.41065649
"106",14569,26.7000008,28.07999992,19.4392153385621,19,17.4000004,13.270588075817,1.50999999,0.5419999956,0.0411764703633987,305.139465332031,1184,763,0.225106254220009,0.107137717306614,0.0145608326420188,309,13.0958032608032,32.1728515625,3.86053466796875,306.30126953125,10.513072013855,0.06439208984375,1631.24857280385,292.522157210543,-0.0254151246200356,-0.0800331873013752,-8142306.4178708,4435755.91875255
"107",14570,23.5500002,23.1780816438356,19.4109587123288,20.1000004,18.4315065753425,18.2356164219178,2.349999965,1.09904111054795,0.180821917452055,261.605743408203,1441,688,0.0830250158905983,0.640615046024323,0.012806992046535,310,9.07119369506836,27.149169921875,48.3942565917969,317.573577880859,5.59568405151367,44.8713684082031,1681.18959472564,291.351947165154,-0.0206518051487638,-0.0453562909245875,-8121315.6190885,4445580.66875788
"108",14571,18.1904760952381,23.4090909090909,22.7211535769231,15.7761907238095,17.5090907636364,17.3807691,1.38571428857143,1.26090909181818,0.523269212269231,298.803039550781,1246,660,0.449762761592865,0.253278106451035,0.0199995879083872,308,14.1763591766357,27.11474609375,9.19696044921875,300.412780761719,16.1931304931641,0,1817.05611491867,292.379588867654,0.0430546129387807,-0.0997952966916648,-8133180.73262757,4418925.05760218
"109",14572,32.64999965,27.86249995,20.7115936869565,23.8999996,23.262500175,20.3304350028986,1.054999977,0.3225000000625,0.11159420157971,277.380584716797,1144,695,0.0939075574278831,0.816176056861877,0.0140006635338068,321,9.01871109008789,9.82421875,43.6194152832031,317.489685058594,9.98382949829102,20.6483154296875,1879.46068828857,291.904479415512,0.0421279949134513,-0.104143730324687,-8141432.94466834,4412312.16554786
"110",14573,36.5999985,43.30000115,23.5,27.7999992,29.2999992,19.1000004,2.71000004,0.8900000135,0.319999993,293.846862792969,1508,368,0.374736487865448,0.146992027759552,0.0234077628701925,305,12.0838136672974,64.72265625,11.1531372070312,308.474182128906,6.45800447463989,5.68704223632812,1788.67797222709,293.451131596664,-0.0149599787923602,-0.127482450831281,-8288930.94185551,4343340.38785395
"111",14958,7.96896566137931,12.5206140903947,13.2548169744186,6.0482758162069,5.71535083298246,6.06079729126246,0.478275861103448,0.136622808373246,0.0481063112302326,359.182159423828,2572,1024,0.0867308154702187,0.29296749830246,0.0126433772966266,368,9.38595962524414,21.280517578125,8.81784057617188,372.580261230469,6.78627824783325,14.1974487304688,1301.44192230063,297.924827619844,-0.11754695525229,0.00640920324293306,-8763393.60308342,4076842.82063111
"112",14966,23.8999996,39.1285713367347,23.7999992,15.8000002,28.0581631612245,20.3999996,0.629999995,0.303163260479592,0.0700000003,334.674255371094,2228,447,0.0249231792986393,0.00559269217774272,0.00282873841933906,335,14.3805618286133,57.9189453125,0.32574462890625,333.392791748047,13.1481189727783,0.21575927734375,1034.70668965565,297.421775362319,-0.114887724621877,-0.0109191694808966,-8697693.63984681,4092966.15876518
"113",14972,23.7727276363636,39.4227269636364,22.8340423574468,16.0999999454545,24.0431821272727,17.0893612085106,0.466363624909091,0.201136366818182,0.0127659576255319,335.427490234375,2228,447,0.0578489154577255,0.00991182867437601,0.00600463710725307,336,12.9455060958862,57.187744140625,0.572509765625,336.385528564453,5.8086633682251,1.90762329101562,935.180522918709,297.421775362319,-0.114887724621877,-0.0109191694808966,-8697623.869393,4093059.05111161
"114",15503,12.4606056757576,12.9056332098592,11.6255229865272,9.19090918030303,10.2478876204225,8.32426767690377,0.29575757880303,0.18464788184507,0.0572384948555648,512.802673339844,1898,501,0.0337018109858036,0.344224721193314,0.00600060448050499,519,10.2491292953491,11.806396484375,6.19732666015625,516.320495605469,9.10001945495605,1.65673828125,945.938239861126,296.400885132983,-0.0467039059787696,-0.11138754784304,-8593050.49881325,4246481.61859798
"115",15504,6.44081624857143,9.10000038,6.23834583461153,5.38979582510204,6,4.59573933100251,0.330408155591837,0.230000004,0.0766416044654135,512.894897460938,1635,451,0.0424361079931259,0.173677548766136,0.00444995565339923,515,13.6436023712158,14.79638671875,3.10992431640625,515.390808105469,6.20688438415527,1.05206298828125,1098.73401871062,296.295841395923,-0.0184658049673477,-0.125804416835126,-8592526.17446705,4246975.78300972
"116",15507,4.88666673,9.73333337777778,11.4065216182609,3.32333330166667,6.59999984444444,7.29999993043478,0.237666662833333,0.138888890266667,0.0769565212586956,512.839599609375,1656,443,0.0444330126047134,0.231613993644714,0.00631298776715994,517,11.2506713867188,13.80224609375,4.160400390625,523.271728515625,5.53877067565918,8.23455810546875,998.875864196879,296.37110913362,-0.0440672860242488,-0.137016978021664,-8592812.12137059,4246728.91289158
"117",16388,14.0632653987755,0,1.65862071717241,16.8673470204082,4,5.92000005889655,1.36510204008163,0.0299999993,0.0617931036735172,331.001007080078,1313,273,0.061363410204649,0,0.00199619820341468,330,21.5000343322754,73.80029296875,0,329.796508789062,11.256630897522,0.59674072265625,1708.43118062872,293.930427078356,-0.00315068239935614,-0.108729071426815,-8361051.64341975,4342417.41333391
"118",16391,16.8055558888889,27.234507543662,24.8214282857143,17.0166667333333,17.447887171831,18.3071426571429,2.66500002944444,0.442887316295775,0.151428577142857,356.752807617188,1314,391,0.318976223468781,0.17646536231041,0.0268294028937817,365,10.2551803588867,38.48828125,8.2471923828125,364.178344726562,8.83744525909424,2.3843994140625,1380.25321173617,289.126097368212,-0.0552917626061535,-0.167027565838671,-8351868.88509584,4357672.30699291
"119",16392,20.9124999,34.8932732757848,26.8500004,17.92499945,24.3156950923767,15.9000001,1.7975000025,0.439551572511211,0.140000001,356.040802001953,1290,451,0.0761547386646271,0.354341506958008,0.0107711274176836,372,9.93770027160645,29.079833984375,15.9591979980469,370.187896728516,6.62597036361694,6.488037109375,1411.73277884095,291.231830466635,-0.0254751013731914,-0.14406446774918,-8352488.88615958,4360609.86899568
"120",16393,45.0999985,46.149999725,27.7400006533333,35.5999985,24.69843748125,13.7133333866667,4.55000019,0.815000026328125,0.1973333326,339.589538574219,1433,401,0.485907405614853,0.696115076541901,0.039682500064373,388,9.42473983764648,21.13330078125,48.4104614257812,399.076843261719,7.03833150863647,35.0716552734375,1367.95233325892,293.506960503265,-0.0446114257573382,-0.142075746653551,-8332685.46685093,4358602.28680917
"121",16937,30.4090906060606,37.036537625,27.0244441274074,24.0121204121212,29.8173071923077,24.925926,2.00121208969697,0.604230775134615,0.151185186437037,305.540618896484,879,813,0.0216952506452799,1,0.00447261054068804,345,10.2509851455688,0,39.4593811035156,347.452423095703,6.05994701385498,18.0262145996094,2154.23430769116,292.85099185959,0.0726419015447149,-0.171255390674705,-8145559.87047869,4433686.36756532
"122",16938,27.636000224,30.6800008,23.3215383476923,19.651999728,22.5799996,21.9638462861538,1.714400002,0.72320001736,0.107230767598462,280.678375244141,928,654,0.213702023029327,0.823372721672058,0.0243289917707443,327,8.98613739013672,9.936767578125,46.3216247558594,331.998199462891,6.63745069503784,23.0244750976562,2296.94078122045,292.446999295994,0.0824580846961383,-0.153025708967931,-8132364.35755324,4439895.02112474
"123",16940,24.4000006,19.8441854697674,15.3323947098592,21.1000004,17.2395343069767,15.1380281014085,2.67500007,0.322790699023256,0.0995774652112676,263.461151123047,1324,887,0.169247627258301,0.779937028884888,0.0228021275252104,321,8.30609607696533,16.23486328125,57.5388488769531,315.819274902344,5.45463991165161,12.1618957519531,1858.9151192293,292.199365876877,0.039336017463799,-0.0971385600505365,-8122393.88812116,4447030.08514272
"124",16941,36.2913048478261,41.4542165759036,34.1584162128713,24.3173917043478,26.6626500722892,20.5465346019802,1.35739133826087,0.432771078783133,0.0524752463752475,333.910064697266,996,814,0.117960177361965,0.95788985490799,0.0120007768273354,392,11.3148536682129,2.5537109375,58.0899353027344,389.869537353516,6.89075231552124,7.1854248046875,1833.49672779918,292.638653364751,0.0273521078840373,-0.15291033319747,-8171430.69018212,4434983.92487881
"125",16943,31.7391314130435,34.14999965,21.2917811671233,22.5086949913043,21.5,15.4232879534247,2.13260866086957,0.6799999775,0.0936986295424657,320.424041748047,1098,668,0.201528042554855,0.376803576946259,0.0164927858859301,332,11.6082191467285,19.1455078125,11.5759582519531,335.812927246094,6.13905715942383,6.29461669921875,1464.57069646053,292.256066591018,0.0119471359734595,-0.15800523377403,-8174081.10770124,4411632.64148826
"126",17235,39.9000015,34.3553841876923,18.7294117411765,33.2999992,24.70461518,13.2000003294118,3.36999989,0.632769216230769,0.0935294144470588,454.973876953125,1976,432,3.51272356056143e-05,0.00140634027775377,1.0062312867376e-05,453,19.2496318817139,32.439208984375,0.045684814453125,453.1123046875,17.0504474639893,0.00238037109375,1044.53692726019,295.138478061793,-0.0858796535398991,-0.0584996045589164,-8554365.79189533,4242281.25413357
"127",17238,5.79047613809524,6.80000019,0.369047625119048,4.63809533809524,5.9000001,1.20238095466667,0.546190483571429,0.300000012,0.0247619045680952,465.379760742188,2012,430,0.0199585147202015,0.123006477952003,0.00445357244461775,468,9.86579036712646,18.681396484375,2.6202392578125,465.760070800781,7.59610414505005,0.775054931640625,1143.13049749951,296.018896261347,-0.0883405595211659,-0.060722456195389,-8575025.76212887,4227424.57219502
"128",17240,11.2363638545455,7.39393950848485,0.688888916644445,10.06363626,6.04545470545455,1.44222221688889,0.784545465,0.206666667333333,0.0407777768844444,488.003814697266,1616,227,6.4258692873409e-06,0,3.96773248212412e-06,487,16.8053226470947,18.951416015625,0,489.611511230469,5.84549188613892,2.48883056640625,1119.17438785087,296.03003449992,-0.0797574766352848,-0.103540064596258,-8581283.43898643,4239918.30368157
"129",17242,20.8000002,33.942982122807,5.93333308,15.7000003,21.4254383521053,6.03333358,1.000000031,0.382456140885965,0.06333333566,452.546051025391,1642,349,4.68958614874282e-06,0.021385645493865,4.94591222377494e-06,452,13.7980012893677,21.27978515625,0.46502685546875,452.077880859375,6.11343288421631,0.42108154296875,1066.38426167955,295.944693303074,-0.071269625692851,-0.0701555912817067,-8566379.39859767,4225509.61548788
"130",17243,30.277778,51.202325355814,27.7869046,18.0888892444444,27.9418604186047,19.6726192857143,1.15222226222222,0.611860469372093,0.0460714279142857,442.339569091797,1600,207,0.0600431486964226,0.170269623398781,0.00848603434860706,448,10.5375032424927,27.58349609375,5.66043090820312,449.942596435547,6.81735038757324,4.05538940429688,1036.65789682066,295.044589146361,-0.106472535846749,-0.0498912965279687,-8595704.43826335,4202838.52335959
"131",17244,4.726666768,17.9294115019608,0,3.83333341133333,11.7470589345098,2.27380955952381,0.3820000054,0.270980398529412,0.0499999989,485.023132324219,1755,651,0.0155206834897399,0,0.00278493110090494,484,12.1294956207275,23.173583984375,0,484.854461669922,7.03279638290405,0.412933349609375,1419.14075094971,295.442340519987,-0.0779039985217606,-0.0657441913190165,-8571737.07156877,4243881.12854144
"132",18202,7.33636370909091,7.16117652705882,1.70000005,6.94848489454546,4.58588231305882,1.60000002,0.746060585327879,0.0302352939517647,0.0599999987,464.665435791016,1667,113,0.106397181749344,0.966383278369904,0.0121662961319089,507,10.6962804794312,1.47265625,42.3345642089844,503.617736816406,16.7621726989746,0.0489501953125,1000.85009197248,295.418060200669,-0.0737551036111604,-0.147443333589971,-8564197.1464895,4240743.04850157
"133",18203,3.29999995,12.37999972,1.81171171756757,3.5,8.120000074,1.83603604504505,0.74000001,0.0900000036,0.0611711719342342,464.393463134766,1627,127,0.0234742201864719,0.980900943279266,0.00447261054068804,507,10.6450328826904,0.82958984375,42.6065368652344,505.498687744141,9.06217479705811,1.92727661132812,1115.63736368562,295.497550187132,-0.0576733994457526,-0.139643879476238,-8563381.64646637,4241580.08037483
"134",18205,20.296000224,22.9129730248649,22.3999996,14.788000192,16.2421620983784,15.3999996,1.676400006,0.314378376318919,0.140000001,455.158721923828,1934,691,0.0493434891104698,0.489504992961884,0.00847097299993038,466,9.56953811645508,11.30615234375,10.8412780761719,465.158538818359,7.36125326156616,3.00830078125,1316.43254650012,295.658554347826,-0.0994830410936138,-0.013576680580418,-8581776.66398125,4216176.6033538
"135",18207,12.3222221777778,19.815740837037,10.745976983908,7.32222218,12.2722223081481,7.57356321827586,0.5272222195,0.323425924592593,0.108850574128736,429.641754150391,2304,390,0.0721639692783356,0.755925536155701,0.0100007941946387,461,10.2250909805298,10.125,31.3582458496094,460.437957763672,6.42883682250977,4.20596313476562,835.180679676831,296.068879399586,-0.130459510441858,-0.0501461350376243,-8609398.67645864,4190977.90314051
"136",18258,42.3333324242424,53.2136845073684,36.09500045,45.1060606060606,38.6800002873684,32.20999974,3.68636375454545,0.608842095115789,0.23449999925,341.053558349609,1242,589,0.0591929107904434,0.0363468043506145,0.00721565214917064,342,11.6824493408203,78.171630859375,2.94845581054688,340.988708496094,7.23169326782227,0.394287109375,1563.32569831266,294.862153885969,-0.030379819405345,-0.125886877545425,-8462087.71497389,4210369.8643014
"137",18263,47.3214291071429,54.8412843844037,41.7539684920635,45.2357153357143,39.4724768440367,19.0666663936508,3.25357154642857,0.740091742770642,0.103174603539683,361.231689453125,1385,438,0.484534800052643,0.932813584804535,0.0442479774355888,442,8.59413719177246,5.8173828125,80.768310546875,443.937255859375,7.43079233169556,27.3209533691406,1126.36495225635,295.456645186335,-0.0671635181900362,-0.155408700606526,-8469038.64334589,4209566.4800515
"138",18268,44.2999992,48.8742574742574,44.2000008,53.5999985,38.868317490099,28.2999992,4.23000002,0.663960394,0.239999995,307.491821289062,1543,563,0.0608815774321556,0.583481192588806,0.00824695453047752,337,10.8211698532104,21.064453125,29.5081787109375,338.84375,6.78911638259888,4.52450561523438,1265.38027246551,294.581284858258,-0.0658382579187964,-0.0750227964850831,-8468520.77523223,4185628.98747315
"139",18445,38.3488364,32.5532473883117,23.2999992,34.7651171976744,23.0025972311688,16.2999992,3.58302327744186,0.721168827350649,0.449999988,333.016204833984,1233,446,0.426781922578812,0.435585618019104,0.0220896191895008,370,13.168719291687,47.922119140625,36.9837951660156,371.065093994141,6.69092750549316,3.03271484375,1345.08611326506,293.994259635292,-0.0333204203972363,-0.156911944867794,-8336056.79873177,4346278.37240533
"140",18447,37.7869573217391,49.5868131582418,57.7000008,32.0608699826087,34.0032967384615,39.7000008,4.42391296130435,0.681538466648352,0.180000007,334.211059570312,1233,446,0.77018678188324,0.529340803623199,0.0417416766285896,379,11.3485174179077,39.82373046875,44.7889404296875,372.506164550781,7.78547525405884,1.877685546875,1365.08232232049,293.994259635292,-0.0333204203972363,-0.156911944867794,-8336132.6765254,4346182.36659745
"141",18451,48.2833343404762,58.2985508115942,34.9417726670886,38.0714275547619,40.0159416,17.5164559392405,3.85952378642857,0.626666642594203,0.110632913649367,338.062805175781,1221,464,0.636757850646973,0.736536741256714,0.0446966141462326,400,9.88450813293457,22.1552734375,61.9371948242188,412.719390869141,7.88797903060913,25.0273742675781,1513.39507790141,293.935011486702,-0.0197829546574828,-0.153360180135477,-8336310.06578047,4345564.34449852
"142",18575,15.1999998,45.9405402108108,38.461457825,11.1000004,22.9797301351351,23.2197917958333,1.34000003,0.375405403737838,0.0588541676895833,301.675231933594,2044,552,0.0784058570861816,0.188091322779655,0.0072066611610353,307,13.0972843170166,22.993408203125,5.3267822265625,305.107543945312,10.4143295288086,0,1257.14760826726,293.220189911538,-0.051412137190033,-0.0526297979482703,-8315772.94353908,4161258.40113291
"143",18576,6.9000001,33.5763160421053,29.3999996,4.5999999,14.9078949210526,15.3000002,0.980000019,0.227631576605263,0.129999995,287.099822998047,2016,450,0.402593970298767,0.444923669099808,0.0375340841710567,302,8.90162372589111,18.589111328125,14.9001770019531,310.779632568359,5.63922309875488,19.3009948730469,1487.59554406238,292.779914198121,-0.0292468304493602,-0.0674027907259125,-8292204.12326512,4178185.12349998
"144",18672,9.80000019,24.6962121939394,37,22.2999992,9.30303039181818,14.1000004,8.01000023,0.288257580492424,0.230000004,292.518920898438,2034,755,0.251455783843994,0.613362431526184,0.029115492478013,331,8.45273876190186,24.2568359375,38.4810791015625,346.157867431641,4.90974378585815,41.2947692871094,1624.95482871339,293.640447266502,-0.0504409605603397,-0.0431038140100868,-8293891.7240303,4150695.16021444
"145",18674,22,57.5383332475,46.2999992,17.7999992,19.7641667233333,13.3000002,3.47000003,0.516750006016667,0.189999998,295.002685546875,2647,1919,0.0617025047540665,0.407771050930023,0.00598894665017724,320,13.2875785827637,36.31494140625,25.004150390625,321.368225097656,7.89071607589722,6.11358642578125,1709.42038740071,293.507622153209,-0.0365171187325551,-0.0289276252664754,-8295198.94796101,4150170.0304646
"146",18682,19.1000004,60.8037959531646,47.0650594710843,19.1000004,35.6822779493671,28.0084342686747,3.11999989,0.479810113790506,0.0360240961072289,309.844940185547,1944,437,0.0651963278651237,0.697197914123535,0.00894504226744175,344,10.5541257858276,14.833984375,34.1550598144531,344.441528320312,6.25365257263184,3.0640869140625,1348.57798098777,292.99336409062,-0.0450922632097142,-0.0647069335859148,-8232673.85356867,4176702.21495154
"147",18684,22.7999992,30.8560609348485,24,15.1999998,16.5378787954545,10.1000004,2.0999999,0.405378782738636,0.00999999978,312.942321777344,2107,437,0.326297074556351,0.237483188509941,0.0327943749725819,325,8.86321544647217,38.715087890625,12.0576782226562,328.178375244141,6.66166067123413,17.4126586914062,1449.73724453277,292.563916228699,-0.0206274875211798,-0.0155862364423322,-8238073.32301933,4171019.10256219
"148",18685,16.7999992,44.7378371767568,35.2999992,14.6999998,20.2367567956757,8.80000019,2.25999999,0.197459458751351,0.00999999978,309.737854003906,1788,452,0.0224294904619455,0.674124538898468,0.00447886157780886,343,10.4069271087646,16.0791015625,33.2621459960938,343.951629638672,6.11826229095459,3.22900390625,1243.4991776065,292.99336409062,-0.0481778018639336,-0.0379261268345187,-8232361.23988157,4176671.66966913
"149",18686,16.1000004,46.9878780848485,30,13.1999998,25.3651515871212,7.0999999,1.84000003,0.323712124966667,0.0199999996,309.737854003906,1769,420,0.0224294904619455,0.674124538898468,0.00447886157780886,343,10.4069271087646,16.0791015625,33.2621459960938,339.906860351562,8.64445686340332,1.05325317382812,1258.38192515501,292.99336409062,-0.0550466924140054,-0.0476457245859378,-8232146.6834505,4176887.5771015
"150",18687,22.8999996,49.7881123811189,28.6444445777778,20.3999996,25.7727267832168,9.59999973111111,2.69000006,0.331958040309091,0.0399999991,309.698059082031,1825,426,0.0568801537156105,0.63662725687027,0.00599657604470849,341,12.8711404800415,17.866455078125,31.3019409179688,337.749481201172,12.0091485977173,0.111572265625,1390.85045176467,293.054910913362,-0.0454337537729433,-0.0320267671202698,-8231870.15613549,4177165.8315995
"151",18688,15.8915495943662,43.450000180303,24,16.012675656338,23.1409089727273,6.80000019,1.93732398140845,0.236287876182576,0.0399999991,309.698059082031,1825,426,0.0568801537156105,0.63662725687027,0.00599657604470849,341,12.8711404800415,17.866455078125,31.3019409179688,339.146057128906,7.43401050567627,0.6378173828125,1390.85045176467,293.054910913362,-0.0454337537729433,-0.0320267671202698,-8231821.06282434,4177165.83159926
"152",18689,18.5,44.4915492352113,20.8999996,17.1000004,18.8718312056338,7.4000001,3.22000003,0.729577473647887,0.159999996,309.691070556641,1916,460,0.0429536998271942,0.620733439922333,0.00446900725364685,340,13.6721773147583,18.5205078125,30.3119201660156,339.235595703125,8.40013980865479,0.412933349609375,1409.75954375757,292.998541885651,-0.049967944967693,-0.0413839335005604,-8231924.84764751,4177258.30140541
"153",19013,15.1999998,26.530303030303,29,12.6000004,12.1303030666667,12.1999998,2.02999997,0.662121236212121,0.319999993,291.053497314453,1608,372,0.134107515215874,0.183818712830544,0.0160004384815693,297,9.79907608032227,26.4033203125,5.94650268554688,300.053680419922,6.86952209472656,5.28866577148438,1167.44358405029,293.30281456044,-0.0343547090036029,-0.027937496278437,-8320528.70356952,4168393.46517743
"154",19164,6.19999981,15.9900664816556,4.06986303972603,5.5,9.90397355066225,3.26986301438356,0.550000012,0.294503307847682,0.0254794515178082,428.004821777344,2365,964,1.61453517648624e-05,0,1.00450788522721e-05,427,15.3740510940552,28.760986328125,0,426.764007568359,7.1667218208313,0.408111572265625,1352.32679568484,295.316241879497,-0.0820553754901889,-0.0303711609669223,-8542490.84055855,4224706.64265892
"155",19166,16.2971430742857,19.0870589011765,2.93333323333333,11.95142852,11.5176467764706,2.63333336666667,1.00028571431429,0.337058822611765,0.0266666661,438.617828369141,2055,648,0.00873396825045347,0.0609735138714314,0.00204331823624671,439,11.5770845413208,21.344970703125,1.385986328125,439.956817626953,7.84513330459595,1.29556274414062,1063.1212951949,295.206271480331,-0.0905339495549408,-0.0420786478910253,-8553121.11400044,4225015.47579635
"156",19167,9.10526310789474,26.5941175419118,5.56799988653333,8.43684186526316,19.9926470994118,4.369333324,0.732631589052632,0.239117646529412,0.0299999993,438.018737792969,1762,332,0.0375110469758511,0,0.00444650137796998,437,13.0326061248779,23.255615234375,0,438,9.05757331848145,0.232147216796875,1714.85448686862,295.219955566173,-0.00379278486369975,-0.0905145075962324,-8553914.56408672,4224212.41401147
"157",19168,10.8807693184615,35.0897058882353,15.9406975537209,8.50192313538462,22.3720587529412,10.806976722093,0.812692307269231,0.678676458647059,0.150232553647674,435.216918945312,2139,949,0.00934501830488443,0.0704573169350624,0.00203702691942453,437,11.9383306503296,23.524169921875,1.7830810546875,435.815704345703,8.03390216827393,0.562286376953125,1440.02003604595,295.302897256729,0.0143381240687859,-0.114148309015816,-8559011.93218488,4219069.72069408
"158",19170,12.6320001216,36.7030074511278,6.5999999,11.003999776,29.0443609315789,4.9000001,0.62520002148,0.268421053255639,0.0299999993,430.434600830078,1658,292,0.0289889220148325,0.092466838657856,0.00199339026585221,433,17.7610912322998,25.1884765625,2.56640625,433.496643066406,10.0681352615356,2.28009033203125,1513.19368379305,295.556454630514,-0.00389483017947639,-0.119176262736184,-8556091.2713474,4217880.58968872
"159",19171,2.6344827362069,6.87650605873494,7.5999999,4.13793111206897,5.7222891436747,5.9000001,0.760344838931034,0.159457830701807,0.0799999982,430.126708984375,1757,463,1.184605389426e-05,0.103046119213104,9.0032353909919e-06,433,14.5376062393188,25.01025390625,2.873291015625,436.413726806641,5.74836158752441,4.80838012695312,1476.06322055941,295.857285336041,-0.020880427746008,-0.0848561067779285,-8556752.75679606,4217015.74793296
"160",19485,15,43.9000015,13.8442622622951,11,16.7999992,6.27377052491803,1.69000006,0.730000019,0.100000001,294.256072998047,2073,577,0.0417362451553345,0.95261412858963,0.00721179042011499,321,9.93930530548096,1.330322265625,26.7439270019531,326.597106933594,6.00526285171509,14.2258911132812,1457.16083533476,292.981141523332,-0.0486893352412439,-0.0189923100776005,-8287401.82837118,4179142.49064856
"161",19486,13.25,27.6562502083333,10.8263159847368,9.60000038,10.9812498,4.97894751578947,1.3249999895,0.503333338354167,0.0910526311947368,294.256072998047,2051,542,0.0417362451553345,0.95261412858963,0.00721179042011499,321,9.93930530548096,1.330322265625,26.7439270019531,320.396606445312,8.90367889404297,8.15542602539062,1415.35959737749,292.911433468705,-0.0396106058285707,-0.048526552633933,-8287667.48906585,4178926.1606751
"162",19487,15.5068965448276,35.9904766904762,15.8054942,12.4275863310345,13.4857142761905,6.25274726318681,2.64758616275862,0.323809520857143,0.100000001,293.477661132812,1995,408,0.16853079199791,0.871594667434692,0.0126498620957136,319,12.7036609649658,3.760009765625,25.5223388671875,315.767486572266,7.58851099014282,3.89996337890625,1355.02796246612,292.82747909699,-0.0378975051869302,-0.0327722730544445,-8287841.34298725,4178679.29654004
"163",19488,15.3418608093023,31.9444446777778,33.2000008,11.3465115023256,14.3272222033333,14.8000002,1.24232552567442,0.101000000345,0.25,291.737365722656,1905,413,0.173408031463623,0.590574204921722,0.0152265885844827,310,11.455883026123,12.660888671875,18.2626342773438,309.966339111328,8.43820381164551,1.10580444335938,1280.628396307,292.82747909699,-0.0276731984434651,-0.0589290849418456,-8288157.2541472,4178339.52893919
"164",19493,3.0999999,30.1209310348837,6.5,4.5999999,14.2744190046512,4,0.99000001,0.189999998,0.0199999996,267.362945556641,1498,311,0.478659391403198,0.298148185014725,0.0468251220881939,286,8.10873699188232,43.872314453125,18.6370544433594,296.518981933594,6.42253732681274,27.50390625,1679.6399653929,288.97557194617,-0.0360898298776593,-0.111782264050629,-8253680.39313847,4180655.94416075
"165",19494,19.1000004,78.6811339603774,42.7000008,30.2000008,33.4679242113208,17,9.17000008,0.65547168154717,0.419999987,267.4345703125,1910,318,0.0107182776555419,0.392091155052185,0.00282873841933906,292,10.161322593689,38.0869140625,24.5654296875,292.913879394531,7.66909503936768,22.0546875,1590.8237521816,288.97557194617,-0.0360898298776593,-0.111782264050629,-8253522.37003597,4180594.0196355
"166",19495,13,74.1107139535714,38.9000015,19.2000008,32.6250002678571,19.5,5.57000017,0.762857150035714,0.430000007,267.208953857422,1816,327,0.339705467224121,0.330472350120544,0.0353728421032429,288,8.49704647064209,42.1220703125,20.7910461425781,292.356689453125,6.95541191101074,23.1437377929688,1487.40730663959,288.97557194617,0.0013747884935059,-0.094801520969963,-8253903.67062994,4180285.21985698
"167",21264,10.5428571807143,34.68761854,45.2999992,7.1607143875,15.9980951352381,15,0.736785718107143,0.197476189665238,0.140000001,270.631378173828,1873,920,0.0212955065071583,0.0058180196210742,0.00400244817137718,271,10.9909915924072,63.81396484375,0.373443603515625,271.092864990234,6.61520147323608,0.662567138671875,1595.68768641014,293.146823359611,-0.0521652049084837,-0.017018097625773,-8364657.0383842,4147081.1877448
"168",21265,17.2222219444444,47.6122950065574,26.6049387160494,10.6583331055556,19.3450821180328,11.6469136224691,1.01111111330556,0.289426228631148,0.272469132493827,277.5830078125,2276,1271,0.135290533304214,0.0268333498388529,0.0128272920846939,279,11.5007286071777,51.39013671875,1.4169921875,278.153900146484,10.2591552734375,0,1337.33540072426,293.347601449275,-0.0297913621883419,-0.0180719021997637,-8364839.92294678,4151806.93298263
"169",21266,12.6999998,43.9871558155963,31.1360658229508,8.75,18.3201835009174,9.5622948047541,0.930000007,0.34055045806422,0.194590164229508,277.5830078125,1857,879,0.135290533304214,0.0268333498388529,0.0128272920846939,279,11.5007286071777,51.39013671875,1.4169921875,278.700897216797,7.11739492416382,0.202789306640625,1337.33540072426,293.347601449275,-0.0297913621883419,-0.0180719021997637,-8364901.5329604,4151745.41987988
"170",21267,12.2212124,40.744218677551,24.7000008,10.0090913012121,12.0952380680272,17.2000008,0.930606064545455,0.368639456789116,0.25,277.672790527344,2026,1201,0.033728189766407,0.081800289452076,0.00600542686879635,281,10.247015953064,48.61083984375,4.33062744140625,277.811492919922,11.7808284759521,0,1745.56015486956,293.347601449275,-0.0271536188585272,-0.00772311891846081,-8364940.13799153,4151560.05772803
"171",21269,19.5941175529412,68.389189554054,56.0333330380952,21.4411764705882,21.5918921513514,12.1047618,2.03764703941176,0.541891891310811,0.186190470619048,267.737670898438,1857,462,0.0810840502381325,0.223895952105522,0.0121662961319089,284,9.33781719207764,56.37109375,16.2623291015625,287.052215576172,7.17635488510132,9.77230834960938,1370.00214259733,293.586073917025,-0.054527579650274,-0.0473198779169095,-8369165.58470724,4140502.23241634
"172",21270,18.0195124682927,40.3330655137097,16.1000004,13.4097561512195,18.1016129709677,8.10000038,1.81243898170732,0.279354839620968,0.0399999991,267.578674316406,1857,462,0.0364367589354515,0.198646768927574,0.00632518390193582,282,10.2441730499268,58.176513671875,14.4213256835938,283.85498046875,8.87921047210693,7.21810913085938,1370.00214259733,293.586073917025,-0.054527579650274,-0.0473198779169095,-8369153.058375,4140564.15694086
"173",21363,22.3999996,28.2102560205128,28.1000004,17.2000008,17.9461541179487,17.3999996,1.65999997,0.395128199102564,0.0700000003,261.090240478516,1568,905,0.113427370786667,0.0479041300714016,0.00800073239952326,262,14.1596593856812,57.8515625,2.9107666015625,262.122131347656,9.18857002258301,1.82260131835938,1614.77458460986,293.107864713185,-0.026660582870785,-0.032852983767063,-8224570.80548108,4340993.00467845
"174",21364,22.2777777777778,27.0576916538462,24.1573776786885,17.0138894444444,16.8076922692308,14.7688524032787,1.64750005222222,0.318461531403846,0.0799999982,261.090240478516,1486,891,0.113427370786667,0.0479041300714016,0.00800073239952326,262,14.1596593856812,57.8515625,2.9107666015625,258.347778320312,10.3928871154785,0,1729.36154937336,293.069121921557,0.00110111877830409,-0.0898634596870533,-8224732.44283122,4340838.59922927
"175",21369,3.996000004,26.8424244606061,3.9916667375,4.636000024,14.4585856929293,2.87500004166667,0.79319999944,0.149292929020202,0.159166665,250.040771484375,1601,788,0.155511155724525,0.214419305324554,0.0189735274761915,263,9.26131725311279,47.4794921875,12.959228515625,273.496978759766,5.39003705978394,14.4862976074219,1414.33190162828,291.991755952381,-0.0654206687809354,-0.0366657051576637,-8224352.34127966,4334660.9134823
"176",21467,21.4521739826087,35.175001275,32.2000008,18.2173915,24.8107148142857,23,1.86521737586957,0.477142856714286,0.180000007,412.690338134766,1039,1022,0.268767654895782,0.0920544192194939,0.0200953036546707,415,11.5661888122559,22.780517578125,2.30966186523438,410.883819580078,7.51645708084106,0.64703369140625,1218.07266396639,292.434217566853,0.0101971311281677,-0.132942752695101,-8193972.93156619,4463031.67584563
"177",22946,29.9173919304348,43.8303041272727,34,23.4173915826087,33.3545449939394,28.7000008,1.86260862391304,0.557878785212121,0.129999995,403.100433349609,691,1013,0.0693631246685982,0.658394813537598,0.0107711274176836,421,9.47064113616943,9.287109375,17.8995666503906,426.622161865234,6.07736349105835,10.0148620605469,1817.14657179171,293.250721074216,0.0334142274091426,-0.169985487914364,-8235514.95500008,4461670.49273973
"178",22947,40,43.4183097971831,30.8500004,28.8999996,33.5732396169014,20.3999996,2,0.689718302225352,0.164999999,380.395477294922,945,899,0.0551442243158817,0.590794742107391,0.00894504226744175,409,9.71687030792236,19.8125,28.6045227050781,414.931213378906,6.32758951187134,15.3219909667969,1370.90694056588,292.333892857143,-0.0551560254245456,-0.116167525278863,-8213936.20103487,4462784.3780521
"179",22951,44.8857144,44.4000015,26.1529403764706,23.1714284,22,15.38970625,1.33285713428571,0.910000026,0.132500000910294,445,1479,126,0.0473724193871021,0,0.0039871227927506,445,15.017484664917,30.66552734375,0,446,7.83565759658813,1.97103881835938,1080.03606035381,296.395720417264,-0.0748784813793752,-0.139642001302364,-8592728.40501458,4203904.9951031
"180",22952,6.7699999825,10.3551020330612,6.1442749059542,6.5850000855,6.87551030469388,4.56717565969466,0.8680000313,0.392040811653061,0.0380916027516031,461.295135498047,1636,240,0.0129831526428461,0.648496270179749,0.00199619610793889,485,13.7342357635498,12.850341796875,23.7078552246094,485.314880371094,14.8522758483887,0,1109.73309537727,295.635819835961,0.0105400488913925,-0.127471490661596,-8617561.01820886,4202521.35059336
"181",22953,6.362499912,9.60000019322034,7.99572644623932,5.42749997875,6.97457627118644,6.0042733425641,0.545750015825,0.297118641033898,0.057094016351282,460.006988525391,1602,454,0.0883190259337425,0.658923387527466,0.00719057861715555,484,13.709324836731,12.41943359375,23.9930114746094,486.157470703125,5.97504758834839,2.4041748046875,1353.58329231902,295.708319099379,-0.00501650422107357,-0.136993413793655,-8616437.17393704,4203234.81140536
"182",22954,8.3142859,14.6324323405405,8.34181808727273,7.05714259714286,8.9729732554054,7.42000004127273,0.741428554,0.471891886432432,0.0474545454363636,460.006988525391,1733,629,0.0883190259337425,0.658923387527466,0.00719057861715555,484,13.709324836731,12.41943359375,23.9930114746094,484.602905273438,5.81302833557129,0.85418701171875,1902.59217447296,295.708319099379,-0.00501650422107357,-0.136993413793655,-8616281.96459606,4203305.77608753
"183",22956,9.03076920153846,8.89999962,2.98518525555556,6.75384620769231,7,3.28000003666667,0.339230769153846,0.200000003,0.0295555556540741,459.297943115234,1822,1030,0.0580700524151325,0.87662273645401,0.0082439286634326,492,10.5875196456909,4.6025390625,32.7020568847656,494.28515625,5.83285188674927,3.67010498046875,1540.9315655378,295.658888676541,-0.0557615794981608,-0.0661726024362432,-8617124.18495354,4202153.58407845
"184",22957,14.3999996,24.5823528579832,8.0285714,11.6999998,15.4991595680672,5.92857129428571,0.930000007,0.447815124394958,0.0442857140714286,453.230529785156,1693,366,0.0186913125216961,0.867233335971832,0.00198740814812481,485,15.5893583297729,5.017578125,32.7748718261719,488.549255371094,7.34037113189697,3.22470092773438,2122.38429472913,295.413548793598,0.0544851220935434,-0.112226351548241,-8613238.35283951,4203043.07777723
"185",22958,15.9634146341463,22.3322310636364,4.461666705,11.9439025804878,15.0528924264463,4.31666656866667,1.37341460219512,0.407851234429752,0.00766666651333333,450.396545410156,2602,639,0.01839529722929,0.938181459903717,0.00402094144374132,485,10.2244129180908,2.3466796875,35.6141052246094,487.866394042969,5.69792890548706,5.19778442382812,1331.74900468404,295.650146540054,-0.0843368408932654,-0.00548172448229057,-8610542.93019695,4203886.34769291
"186",22959,11.9391302347826,15.218181569697,6.98571435357143,10.0304349808696,10.7651512916667,6.73571414821429,0.76260868626087,0.516969696787879,0.0228571423857143,468.09228515625,2028,458,0.0720311552286148,0.433127820491791,0.0100007941946387,479,10.2158803939819,14.27587890625,10.90771484375,481,5.54083204269409,7.93142700195312,1124.29778744467,296.258554606625,-0.071225212992599,-0.111222546643964,-8602298.11974088,4214833.0446603
"187",22960,13.1724137931034,8.44144151351351,6.39768789710983,12.2275861817241,6.82792807837838,4.81965303473988,1.94931036103448,0.184144144497297,0.0246242774797688,470.147277832031,2109,695,0.11324068903923,0.453308939933777,0.00825046468526125,480,13.9209032058716,13.090087890625,10.8541259765625,480.100646972656,5.63564825057983,4.41781616210938,1096.02063180079,296.099246834687,-0.107939186617654,-0.0382852539037779,-8603256.58967349,4214709.6070331
"188",22961,32.5999985,36.2999992,24.055555308642,19.8999996,19.1000004,15.2765429333333,1.49000001,1.03999996,2.17432096765432,450.766540527344,1727,442,0.0727609768509865,0.185594841837883,0.00632518390193582,456,13.7021818161011,22.96484375,5.23345947265625,457.536254882812,6.67630004882812,1.13702392578125,1014.58229986621,296.147527950311,-0.0917620233883439,-0.0712580023119518,-8593598.71532197,4208053.01532204
"189",24675,12.8000002,12.7862068,6.0999999,13,6.26551743137931,3,2.93000007,0.290344834275862,0.140000001,406.415161132812,1616,178,0.285448133945465,0.13969911634922,0.0260738395154476,413,9.91411304473877,40.551025390625,6.5848388671875,423.957550048828,5.83723402023315,15.7631225585938,1130.2868080904,295.112102842809,-0.0897161696109024,-0.102795627877889,-8468707.42080767,4324526.57425256
"190",24677,15.3999996,23.5614037894737,36.7769907707965,12.3999996,11.940351077193,16.3053094424779,2.21000004,0.396315789649123,0.123362831106195,405.849609375,1620,161,0.225480765104294,0.1730727404356,0.0243270061910152,414,9.2550106048584,38.94189453125,8.150390625,417.901458740234,6.4164080619812,9.18499755859375,1193.54734385948,295.112102842809,-0.0897161696109024,-0.102795627877889,-8468552.45612142,4324527.96419071
"191",25611,35,36.9939383181818,23.6000004,22.6000004,26.7424244848485,14.8999996,1.47000003,0.459696972424243,0.189999998,253.916030883789,1410,866,0.530067563056946,0.612507522106171,0.0501225814223289,282,8.10866451263428,17.766845703125,28.0839691162109,285.951782226562,6.05514717102051,24.190185546875,1585.90909698575,292.350717451027,-0.0269694746353607,-0.0604169585344341,-8176769.22997769,4361471.47491016
"192",26058,39.6279062790698,47.2694443611111,31.8481483716049,29.2325577674419,24.8388883,15.5901231259259,4.8667441444186,5.20277777638889,9.00629620728395,485.613037109375,1965,573,0.359952181577682,0.174903035163879,0.0330975316464901,493,9.28503322601318,34.84765625,7.386962890625,485.943603515625,9.22523975372314,1.70742797851562,1290.29986239954,295.721076499587,-0.101951341958082,-0.0261504792545071,-8501338.65437616,4324008.17180077
"193",26059,6.52666667333333,7.215624988125,3.08979594081633,4.10666656533333,6.6218748521875,2.04489797040816,0.278666673133333,0.24749999253125,0.0444897949285714,389.103698730469,2822,473,0.0817003473639488,0.054768793284893,0.0107782119885087,391,10.2842235565186,50.01025390625,2.897705078125,392.684844970703,6.09185647964478,4.43218994140625,901.645777221559,297.022507206562,-0.099816130917802,-0.0147788953504449,-8689796.78289064,4126263.08341894
"194",26897,20.42000058,36.3169015943662,19.6782614956522,16.82000018,24.1605631492958,16.904348226087,1.7504999995,0.474225349323944,0.118695649434783,369.010070800781,1158,551,0.0369258187711239,0,0.00399482995271683,368,13.7573547363281,65.3916015625,0,367.998931884766,13.5675773620605,0.005523681640625,2211.66795008409,294.002385351967,0.0660488705350065,-0.165145673573366,-8348596.66137303,4380827.31998806
